order_id,order_date,region,customer_id,product_id,quantity,unit_price,revenue
O00049,2024-02-06,North,C1049,P110,3,89.53,268.59
O00203,2024-08-03,North,C1017,P101,3,38.81,116.43
O01564,2024-05-15,West,C1032,P102,1,27.23,27.23
O00778,2024-11-19,South,C1007,P111,1,24.39,24.39
O00914,2025-06-13,South,C1016,P103,5,172.92,864.6
O00832,2025-02-09,South,C1022,P103,1,170.56,170.56
O00048,2024-02-10,North,C1006,P111,2,18.18,36.36
O01618,2024-09-10,West,C1053,P109,1,440.63,440.63
O00103,2024-04-24,North,C1006,P110,2,79.52,159.04
O00286,2024-12-14,North,C1001,P101,1,37.85,37.85
O01447,2025-10-24,East,C1031,P101,4,38.21,152.84
O01799,2025-09-28,West,C1051,P106,2,69.34,138.68
O01113,2024-05-26,East,C1042,P110,1,77.9,77.9
O01052,2024-02-21,East,C1012,P105,3,37.01,111.03
O00268,2024-12-18,North,C1008,P109,4,385.12,1540.48
O00632,2024-02-13,South,C1033,P104,4,19.99,79.96
O01006,2025-12-24,South,C1028,P111,3,17.35,52.05
O00985,2025-11-21,South,C1045,P106,3,94.29,282.87
O00305,2025-01-26,North,C1052,P101,4,38.18,152.72
O01424,2025-09-07,East,C1023,P110,3,110.45,331.35
O01474,2025-11-03,East,C1023,P101,5,31.32,156.6
O01462,2025-11-05,East,C1010,P105,1,30.92,30.92
O00302,2025-01-19,North,C1049,P100,4,13.96,55.84
O00894,2025-05-28,South,C1054,P105,2,32.29,64.58
O01315,2025-03-17,East,C1048,P109,3,313.95,941.85
O00758,2024-09-11,South,C1016,P111,5,16.9,84.5
O00088,2024-04-23,North,C1001,P108,2,214.02,428.04
O00675,2024-04-23,South,C1007,P106,4,74.1,296.4
O00882,2025-04-03,South,C1057,P111,1,25.87,25.87
O00562,2025-11-20,North,C1006,P103,4,184.88,739.52
O00416,2025-05-07,North,C1049,P103,5,143.61,718.05
O01314,2025-03-28,East,C1012,P110,3,107.96,323.88
O00613,2024-01-04,South,C1018,P104,4,22.88,91.52
O01297,2025-03-18,East,C1047,P108,2,193.32,386.64
O00283,2024-12-06,North,C1017,P105,1,33.18,33.18
O00680,2024-04-13,South,C1030,P100,5,12.19,60.95
O01436,2025-09-07,East,C1044,P107,3,42.29,126.87
O00791,2024-12-12,South,C1030,P107,1,40.34,40.34
O01109,2024-05-11,East,C1044,P109,1,408.08,408.08
O00980,2025-10-07,South,C1022,P105,5,29.09,145.45
O00599,2025-12-07,North,C1017,P109,5,404.88,2024.4
O00608,2025-12-13,North,C1006,P107,1,43.16,43.16
O00712,2024-06-28,South,C1058,P102,2,25.45,50.9
O00326,2025-02-07,North,C1008,P100,2,17.45,34.9
O00942,2025-08-09,South,C1045,P108,4,208.15,832.6
O00342,2025-02-13,North,C1040,P107,5,46.4,232.0
O00435,2025-05-12,North,C1040,P108,5,202.71,1013.55
O01600,2024-07-26,West,C1019,P111,3,20.72,62.16
O00463,2025-06-14,North,C1006,P104,3,17.3,51.9
O00641,2024-02-23,South,C1035,P101,4,41.93,167.72
O00925,2025-06-18,South,C1028,P103,4,207.99,831.96
O01404,2025-07-04,East,C1048,P101,5,47.34,236.7
O01688,2025-02-02,West,C1053,P105,3,34.9,104.7
O01532,2024-03-17,West,C1021,P101,3,34.21,102.63
O00895,2025-05-18,South,C1025,P108,3,179.43,538.29
O01172,2024-08-17,East,C1047,P103,3,137.7,413.1
O01118,2024-05-16,East,C1047,P104,4,19.0,76.0
O01126,2024-05-21,East,C1056,P110,2,110.37,220.74
O01557,2024-04-20,West,C1053,P100,1,15.24,15.24
O01526,2024-02-12,West,C1046,P107,3,49.92,149.76
O00376,2025-03-18,North,C1049,P103,5,148.61,743.05
O00513,2025-08-24,North,C1040,P101,3,37.83,113.49
O01512,2024-02-13,West,C1029,P100,89,17.82,1585.98
O00349,2025-03-25,North,C1017,P102,1,28.82,28.82
O00734,2024-08-02,South,C1007,P106,5,65.41,327.05
O01509,2024-01-28,West,C1021,P103,3,202.8,608.4
O01058,2024-02-17,East,C1003,P102,4,25.11,100.44
O00529,2025-09-28,North,C1006,P101,1,32.45,32.45
O00259,2024-11-25,North,C1049,P101,3,35.69,107.07
O00187,2024-08-11,North,C1006,P106,1,65.42,65.42
O00826,2025-02-04,South,C1035,P103,3,163.92,491.76
O00597,2025-12-26,North,C1040,P104,4,15.5,62.0
O00963,2025-09-04,South,C1041,P110,3,80.5,241.5
O00162,2024-06-28,North,C1006,P101,2,44.56,89.12
O01234,2024-12-22,East,C1056,P111,4,22.83,91.32
O01523,2024-02-14,West,C1051,P105,2,37.53,75.06
O00269,2024-12-08,North,C1037,P104,1,16.81,16.81
O00673,2024-04-22,South,C1005,P101,1,44.26,44.26
O01659,2024-12-17,West,C1046,P105,1,35.13,35.13
O00853,2025-03-24,South,C1057,P104,4,21.96,87.84
O01637,2024-11-02,West,C1032,P109,3,295.25,885.75
O00182,2024-07-11,North,C1043,P102,4,27.64,110.56
O00593,2025-12-09,North,C1049,P102,5,20.33,101.65
O01005,2025-12-03,South,C1024,P111,4,23.73,94.92
O01601,2024-07-06,West,C1000,P109,4,340.33,1361.32
O01115,2024-05-09,East,C1056,P101,2,44.02,88.04
O00112,2024-04-04,North,C1040,P107,2,43.31,86.62
O00109,2024-04-21,North,C1052,P108,1,262.1,262.1
O01745,2025-05-19,West,C1019,P105,4,38.22,152.88
O00367,2025-03-03,North,C1015,P105,5,25.22,126.1
O00932,2025-07-14,South,C1025,P111,1,18.29,18.29
O00303,2025-01-11,,C1036,P104,4,21.9,87.6
O01326,2025-04-17,East,C1056,P102,2,26.56,53.12
O00322,2025-02-28,North,C1006,P110,5,109.78,548.9
O01819,2025-11-05,West,C1026,P108,1,262.29,262.29
O01232,2024-12-13,East,C1012,P105,4,30.82,123.28
O00573,2025-11-13,North,C1036,P105,4,36.28,145.12
O00637,2024-02-18,South,C1041,P101,2,31.18,62.36
O00121,2024-05-07,North,C1040,P111,5,22.45,112.25
O00454,2025-06-13,North,C1001,P105,5,26.16,130.8
O00814,2025-01-18,South,C1050,P109,5,407.96,2039.8
O01482,2025-12-06,East,C1047,P105,1,34.71,34.71
O00487,2025-07-25,North,C1040,P101,4,46.46,185.84
O00655,2024-03-06,South,C1028,P111,3,23.28,69.84
O00706,2024-06-05,South,C1013,P101,3,36.43,109.29
O01202,2024-10-24,East,C1055,P110,4,112.17,448.68
O00576,2025-11-10,North,C1001,P101,1,42.09,42.09
O00536,2025-09-11,North,C1017,P104,3,23.01,69.03
O01031,2024-01-20,East,C1011,P104,1,22.36,22.36
O01481,2025-12-08,East,C1044,P102,5,22.67,113.35
O00953,2025-08-21,South,C1054,P105,4,35.51,142.04
O01277,2025-02-09,East,C1003,P105,5,31.33,156.65
O01744,2025-05-26,West,C1021,P108,3,240.3,720.9
O01149,2024-07-23,East,C1055,P107,2,58.48,116.96
O01217,2024-11-19,East,C1056,P103,2,204.43,408.86
O00076,2024-03-27,North,C1037,P102,5,22.44,112.2
O00362,2025-03-02,North,C1052,P100,3,12.24,36.72
O01622,2024-09-10,West,C1027,P109,2,349.91,699.82
O01538,2024-03-11,West,C1046,P107,1,44.5,44.5
O00920,2025-06-16,South,C1058,P105,2,25.21,50.42
O01488,2025-12-24,East,C1048,P104,5,24.04,120.2
O00138,2024-05-12,North,C1040,P103,4,181.71,726.84
O01247,2025-01-04,East,C1044,P104,3,19.54,58.62
O00749,2024-09-20,South,C1050,P108,5,193.28,966.4
O01751,2025-06-28,West,C1019,P103,3,135.3,405.9
O00701,2024-05-14,South,C1033,P109,4,363.92,1455.68
O00973,2025-10-02,South,C1004,P107,5,43.33,216.65
O01254,2025-01-21,East,C1034,P108,2,255.8,511.6
O01280,2025-02-04,East,C1044,P100,4,14.59,58.36
O01441,2025-10-10,East,C1003,P102,2,29.43,58.86
O01004,2025-12-13,South,C1018,P105,1,38.18,38.18
O00369,2025-03-26,North,C1037,P107,5,49.73,248.65
O01413,2025-08-10,East,C1042,P111,3,21.47,64.41
O00337,2025-02-28,North,C1037,P105,1,39.59,39.59
O00383,2025-04-28,North,C1008,P105,5,32.38,161.9
O00038,2024-02-28,North,C1006,P111,1,22.52,22.52
O01389,2025-07-06,East,C1047,P109,5,446.85,2234.25
O00704,2024-06-11,South,C1024,P100,1,16.36,16.36
O00773,2024-11-19,South,C1022,P100,1,14.87,14.87
O01839,2025-12-20,West,C1032,P107,3,45.08,135.24
O01298,2025-03-27,East,C1023,P102,1,20.08,20.08
O01796,2025-09-06,West,C1039,P102,1,24.08,24.08
O01647,2024-12-03,West,C1051,P110,3,84.42,253.26
O00817,2025-01-28,South,C1035,P111,1,16.95,16.95
O01167,2024-08-28,East,C1034,P107,2,53.13,106.26
O01374,2025-06-23,East,C1010,P109,4,433.12,1732.48
O01061,2024-02-10,,C1056,P105,3,28.89,86.67
O00009,2024-01-09,North,C1008,P110,5,91.59,457.95
O01687,2025-02-16,West,C1051,P108,5,231.16,1155.8
O00537,2025-10-12,North,C1036,P110,5,118.59,592.95
O00282,2024-12-27,North,C1037,P107,1,50.0,50.0
O00896,2025-05-10,South,C1002,P100,4,16.87,67.48
O01581,2024-06-25,West,C1053,P106,1,72.77,72.77
O00191,2024-08-26,North,C1037,P104,2,17.47,34.94
O00656,2024-03-11,South,C1018,P103,3,159.51,478.53
O01292,2025-02-08,East,C1011,P110,1,77.62,77.62
O00928,2025-07-06,South,C1041,P105,2,39.56,79.12
O00061,2024-03-05,North,C1006,P100,4,15.55,62.2
O01610,2024-08-19,West,C1027,P109,5,410.11,2050.55
O01695,2025-03-14,West,C1046,P102,2,21.51,43.02
O01543,2024-03-18,West,C1000,P100,3,17.81,53.43
O00869,2025-04-22,South,C1028,P109,2,425.83,851.66
O01816,2025-11-19,West,C1053,P104,4,16.77,67.08
O00265,2024-12-28,North,C1036,P108,1,262.31,262.31
O01531,2024-03-08,West,C1019,P102,3,26.45,79.35
O01250,2025-01-18,East,C1055,P108,1,212.84,212.84
O00760,2024-10-05,South,C1009,P111,3,22.13,66.39
O00698,2024-05-25,South,C1005,P106,2,80.37,160.74
O00127,2024-05-15,North,C1006,P108,5,238.72,1193.6
O00855,2025-03-17,South,C1038,P100,1,13.84,13.84
O00535,2025-09-17,North,C1017,P109,2,,754.52
O00751,2024-09-10,South,C1005,P104,3,18.09,54.27
O00099,2024-04-08,North,C1006,P104,2,16.66,33.32
O01448,2025-10-10,East,C1059,P108,2,261.06,522.12
O01399,2025-07-18,East,C1011,P103,3,204.04,612.12
O01330,2025-04-26,East,C1010,P106,3,81.67,245.01
O01692,2025-02-25,West,C1039,P110,1,119.87,119.87
O00159,2024-06-09,North,C1006,P107,3,54.95,164.85
O00907,2025-05-03,South,C1018,P107,4,56.83,227.32
O01794,2025-09-06,West,C1039,P105,5,32.5,162.5
O01336,2025-04-16,East,C1010,P102,1,24.97,24.97
O00195,2024-08-25,North,C1052,P106,2,73.2,146.4
O01675,2025-01-27,West,C1051,P104,4,18.31,73.24
O00564,2025-11-08,North,C1001,P102,5,24.54,122.7
O00298,2025-01-14,North,C1015,P102,1,30.24,30.24
O01621,2024-09-08,West,C1021,P100,4,14.01,56.04
O01634,2024-11-26,West,C1000,P109,3,435.11,1305.33
O01704,2025-03-23,West,C1029,P105,5,38.38,191.9
O00193,2024-08-17,North,C1015,P104,2,21.15,42.3
O00178,2024-07-20,North,C1001,P107,4,44.52,178.08
O00422,2025-05-27,North,C1040,P106,3,64.45,193.35
O01221,2024-11-24,East,C1056,P105,3,38.63,115.89
O00083,2024-03-20,North,C1008,P103,2,158.36,316.72
O01723,2025-04-16,West,C1014,P108,4,197.48,789.92
O01398,2025-07-08,East,C1023,P107,2,57.56,115.12
O00526,2025-09-07,North,C1049,P100,4,17.31,69.24
O01510,2024-01-10,West,C1021,P108,4,212.52,850.08
O01780,2025-08-07,West,C1051,P105,3,26.11,78.33
O01420,2025-08-26,East,C1056,P102,4,19.89,79.56
O01088,2024-04-26,East,C1012,P106,3,83.05,249.15
O01400,2025-07-25,East,C1047,P101,1,37.79,37.79
O01239,2024-12-13,East,C1034,P101,1,42.87,42.87
O01803,2025-10-07,West,C1027,P111,1,25.96,25.96
O01290,2025-02-28,East,C1003,P104,1,24.17,24.17
O00813,2025-01-09,South,C1013,P100,2,15.05,30.1
O00803,2024-12-26,South,C1050,P109,1,433.29,433.29
O00352,2025-03-15,North,C1015,P101,2,44.0,88.0
O01309,2025-03-09,East,C1034,P101,3,35.05,105.15
O01049,2024-02-08,East,C1023,P109,1,325.71,325.71
O00676,2024-04-04,South,C1020,P107,3,61.47,184.41
O01737,2025-05-11,West,C1000,P100,1,17.11,17.11
O01553,2024-04-04,West,C1000,P108,3,194.46,583.38
O00134,2024-05-25,North,C1006,P111,4,20.37,81.48
O01260,2025-01-05,East,C1059,P105,5,27.97,139.85
O01080,2024-03-20,East,C1011,P107,3,54.14,162.42
O01039,2024-01-05,East,C1023,P109,1,454.29,454.29
O01348,2025-05-25,East,C1003,P102,3,24.04,72.12
O01644,2024-11-08,West,C1053,P107,5,48.65,243.25
O00092,2024-04-02,North,C1043,P111,3,21.16,63.48
O01513,2024-02-04,West,C1026,P106,1,83.67,83.67
O00809,2025-01-12,South,C1005,P105,5,,195.85
O00574,2025-11-02,North,C1006,P111,4,22.27,89.08
O00841,2025-02-22,South,C1057,P100,5,15.81,79.05
O00293,2025-01-02,North,C1015,P108,4,263.36,1053.44
O01563,2024-05-18,West,C1019,P101,4,38.48,153.92
O00242,2024-11-04,North,C1015,P106,5,95.03,475.15
O00232,2024-10-05,North,C1015,P109,2,,889.5
O00644,2024-02-28,South,C1009,P102,1,19.78,19.78
O01430,2025-09-25,East,C1023,P101,2,33.68,67.36
O00054,2024-02-03,North,C1052,P101,3,33.99,101.97
O01762,2025-06-16,West,C1019,P103,1,188.43,188.43
O01245,2025-01-12,East,C1034,P100,5,16.01,80.05
O01463,2025-11-07,East,C1023,P102,5,,140.35
O01458,2025-11-28,East,C1056,P106,2,66.86,133.72
O01331,2025-04-24,East,C1042,P108,4,242.0,968.0
O01206,2024-10-08,East,C1003,P106,2,89.09,178.18
O01764,2025-07-09,West,C1051,P102,5,28.28,141.4
O00900,2025-05-13,South,C1057,P105,2,38.5,77.0
O01483,2025-12-03,East,C1031,P102,2,25.8,51.6
O00840,2025-02-24,South,C1022,P107,2,43.64,87.28
O01527,2024-02-22,West,C1039,P103,5,207.29,1036.45
O00108,2024-04-21,North,C1043,P103,5,147.67,738.35
O00572,2025-11-07,North,C1017,P105,3,26.57,79.71
O00228,2024-10-26,North,C1006,P100,1,15.94,15.94
O00224,2024-10-07,North,C1052,P105,2,31.16,62.32
O00066,2024-03-12,North,C1040,P105,3,35.07,105.21
O01083,2024-03-19,East,C1048,P105,2,27.14,54.28
O01204,2024-10-27,East,C1042,P102,3,29.76,89.28
O01724,2025-04-10,West,C1026,P111,4,21.1,84.4
O00057,2024-03-04,North,C1017,P110,5,113.67,568.35
O00168,2024-07-28,North,C1008,P104,5,19.49,97.45
O00997,2025-11-27,South,C1002,P104,1,18.06,18.06
O00905,2025-05-24,South,C1038,P100,2,16.55,33.1
O00276,2024-12-21,North,C1040,P111,5,24.97,124.85
O01104,2024-04-17,East,C1048,P107,4,51.69,206.76
O00448,2025-06-06,North,C1037,P103,3,157.38,472.14
O00969,2025-09-05,South,C1025,P106,3,72.61,217.83
O01691,2025-02-20,West,C1053,P106,2,67.41,134.82
O00547,2025-10-26,North,C1040,P108,4,199.89,799.56
O01283,2025-02-06,East,C1055,P107,4,48.88,195.52
O01570,2024-05-23,West,C1053,P100,5,18.08,90.4
O00988,2025-11-19,South,C1057,P110,2,111.36,222.72
O00004,2024-01-06,North,C1006,P108,4,256.81,1027.24
O01827,2025-12-14,West,C1046,P108,3,219.04,657.12
O01274,2025-02-03,East,C1034,P101,2,34.07,68.14
O00310,2025-01-25,North,C1049,P111,5,19.17,95.85
O01594,2024-07-15,West,C1014,P105,4,29.35,117.4
O01225,2024-12-06,East,C1031,P109,5,388.47,1942.35
O00249,2024-11-26,North,C1017,P101,4,46.03,184.12
O01756,2025-06-04,West,C1053,P107,4,43.47,173.88
O00816,2025-01-03,South,C1004,P102,3,20.72,62.16
O01098,2024-04-15,East,C1055,P104,3,15.88,47.64
O00401,2025-04-14,North,C1006,P100,2,11.94,23.88
O01438,2025-09-24,East,C1056,P107,5,47.53,237.65
O01834,2025-12-13,West,C1019,P104,4,18.14,72.56
O00937,2025-07-20,South,C1024,P102,2,26.26,52.52
O01505,2024-01-09,West,C1053,P100,3,16.31,48.93
O01273,2025-02-19,East,C1003,P111,2,21.58,43.16
O00556,2025-10-10,North,C1008,P104,4,21.44,85.76
O01822,2025-11-21,West,C1053,P101,4,47.53,190.12
O00852,2025-03-17,South,C1013,P108,2,216.09,432.18
O00373,2025-03-13,North,C1036,P110,1,84.75,84.75
O01490,2025-12-19,East,C1055,P107,1,58.99,58.99
O00141,2024-06-17,North,C1049,P111,5,24.86,124.3
O01579,2024-06-27,West,C1032,P101,1,38.95,38.95
O00407,2025-04-12,North,C1036,P105,3,26.66,79.98
O01832,2025-12-18,West,C1021,P101,3,34.79,104.37
O00919,2025-06-07,South,C1007,P111,5,19.44,97.2
O00386,2025-04-07,North,C1040,P101,2,32.62,65.24
O01216,2024-11-15,East,C1059,P103,5,158.61,793.05
O00415,2025-05-03,North,C1036,P109,1,371.57,371.57
O01011,2025-12-18,South,C1045,P103,1,159.89,159.89
O00708,2024-06-11,,C1038,P110,3,88.2,264.6
O00615,2024-01-06,South,C1020,P102,3,27.89,83.67
O00779,2024-11-16,South,C1058,P102,5,26.39,131.95
O01085,2024-04-06,East,C1012,P108,1,216.7,216.7
O00465,2025-06-22,North,C1015,P106,1,95.21,95.21
O00425,2025-05-03,North,C1049,P109,2,434.23,868.46
O01184,2024-09-11,East,C1059,P109,5,396.62,1983.1
O01684,2025-02-21,West,C1029,P105,4,34.21,136.84
O00001,2024-01-19,North,C1001,P100,1,12.47,12.47
O00702,2024-05-26,South,C1024,P111,3,19.23,57.69
O00725,2024-07-10,South,C1025,P106,2,73.77,147.54
O00511,2025-08-09,North,C1006,P107,4,44.91,179.64
O01569,2024-05-12,West,C1032,P110,2,84.87,169.74
O00116,2024-05-19,North,C1043,P104,2,23.68,47.36
O00862,2025-03-21,South,C1009,P110,3,97.61,292.83
O00202,2024-08-04,North,C1006,P103,4,136.12,544.48
O00433,2025-05-16,North,C1036,P102,2,29.67,59.34
O00031,2024-02-17,North,C1049,P103,4,148.18,592.72
O00726,2024-07-21,South,C1028,P109,1,301.25,301.25
O00387,2025-04-17,North,C1006,P103,1,160.26,160.26
O01133,2024-06-06,East,C1055,P101,5,40.36,201.8
O00822,2025-01-02,South,C1054,P108,2,210.74,421.48
O01368,2025-06-11,East,C1059,P110,4,83.72,334.88
O00590,2025-12-24,North,C1049,P110,3,96.64,289.92
O00820,2025-01-05,South,C1024,P106,5,96.34,481.7
O00294,2025-01-03,North,C1052,P106,5,79.5,397.5
O00306,2025-01-11,North,C1001,P102,3,24.17,72.51
O01607,2024-08-07,West,C1021,P109,3,438.2,1314.6
O00147,2024-06-15,North,C1040,P108,4,176.08,704.32
O00332,2025-02-28,North,C1040,P108,2,174.69,349.38
O00626,2024-01-09,South,C1016,P104,1,18.35,18.35
O00621,2024-01-12,South,C1030,P111,4,24.98,99.92
O00995,2025-11-22,South,C1057,P108,4,229.53,918.12
O00331,2025-02-13,North,C1017,P108,1,227.49,227.49
O01769,2025-07-19,West,C1046,P106,1,97.22,97.22
O01339,2025-04-02,East,C1012,P102,2,25.23,50.46
O00588,2025-12-13,North,C1006,P100,3,16.99,50.97
O00040,2024-02-02,North,C1040,P107,5,41.64,208.2
O01391,2025-07-03,East,C1031,P101,2,32.12,64.24
O01471,2025-11-10,East,C1055,P108,4,230.78,923.12
O01046,2024-02-04,East,C1055,P105,1,29.65,29.65
O00081,2024-03-05,North,C1001,P103,5,141.9,709.5
O00603,2025-12-21,North,C1052,P100,3,12.03,36.09
O00102,2024-04-18,North,C1037,P102,5,28.58,142.9
O00772,2024-11-20,South,C1038,P102,5,30.32,151.6
O01689,2025-02-25,West,C1027,P101,1,31.2,31.2
O01226,2024-12-19,East,C1003,P107,3,56.64,169.92
O00991,2025-11-26,South,C1045,P100,1,17.68,17.68
O01036,2024-01-20,East,C1056,P101,5,34.23,171.15
O00860,2025-03-12,South,C1038,P101,5,46.12,230.6
O01007,2025-12-12,South,C1050,P110,1,90.35,90.35
O00731,2024-07-04,South,C1009,P107,5,47.82,239.1
O00642,2024-02-28,South,C1035,P106,5,64.52,322.6
O00986,2025-11-11,South,C1022,P107,4,52.89,211.56
O01287,2025-02-19,East,C1056,P111,5,17.64,88.2
O01090,2024-04-13,East,C1056,P108,3,193.78,581.34
O01402,2025-07-07,East,C1003,P109,5,386.56,1932.8
O00234,2024-10-03,North,C1017,P111,4,22.51,90.04
O01411,2025-08-03,East,C1010,P109,5,404.2,2021.0
O01359,2025-05-16,East,C1012,P102,5,20.92,104.6
O00336,2025-02-15,North,C1037,P108,2,233.87,467.74
O01263,2025-01-25,East,C1044,P100,3,15.62,46.86
O00390,2025-04-14,North,C1036,P110,2,101.99,203.98
O01574,2024-05-25,West,C1021,P100,1,14.79,14.79
O00923,2025-06-27,South,C1041,P100,3,12.64,37.92
O00821,2025-01-24,South,C1005,P100,2,12.42,24.84
O00834,2025-02-25,South,C1033,P106,2,97.55,195.1
O00284,2024-12-08,North,C1008,P101,1,31.33,31.33
O00304,2025-01-17,North,C1008,P110,5,108.67,543.35
O01720,2025-04-06,West,C1053,P110,4,109.18,436.72
O00660,2024-03-05,South,C1005,P105,3,28.63,85.89
O00770,2024-10-19,South,C1002,P108,5,240.71,1203.55
O00775,2024-11-16,South,C1020,P108,4,214.21,856.84
O00041,2024-02-23,North,C1043,P104,2,17.45,34.9
O01212,2024-11-14,East,C1012,P105,4,30.15,120.6
O00059,2024-03-26,North,C1001,P109,5,458.57,2292.85
O00419,2025-05-04,North,C1036,P111,110,23.06,2536.6
O01343,2025-04-20,East,C1003,P109,1,367.09,367.09
O01106,2024-04-10,East,C1012,P100,5,14.09,70.45
O00256,2024-11-12,North,C1043,P110,2,82.77,165.54
O01516,2024-02-23,West,C1027,P101,4,36.79,147.16
O00404,2025-04-22,North,C1017,P103,3,170.74,512.22
O01028,2024-01-26,East,C1047,P104,5,21.11,105.55
O01211,2024-11-15,East,C1048,P108,4,211.27,845.08
O00805,2025-01-02,South,C1024,P107,3,60.66,181.98
O01797,2025-09-17,West,C1053,P109,1,310.99,310.99
O01620,2024-09-23,West,C1014,P111,4,25.57,102.28
O00443,2025-05-16,North,C1017,P107,2,53.22,106.44
O01469,2025-11-17,East,C1010,P108,1,237.52,237.52
O00792,2024-12-25,South,C1024,P104,5,19.99,99.95
O00120,2024-05-19,North,C1043,P102,3,24.21,72.63
O01829,2025-12-17,West,C1014,P108,3,173.53,520.59
O01511,2024-01-23,West,C1026,P100,3,12.76,38.28
O00808,2025-01-11,South,C1058,P106,3,71.99,215.97
O00508,2025-08-14,North,C1043,P108,3,187.25,561.75
O00996,2025-11-10,South,C1041,P109,3,402.6,1207.8
O00794,2024-12-02,South,C1016,P106,1,87.59,87.59
O00645,2024-02-24,South,C1045,P110,1,91.25,91.25
O00170,2024-07-16,North,C1006,P111,2,24.5,49.0
O00354,2025-03-22,North,C1036,P110,4,82.23,328.92
O01209,2024-11-21,East,C1023,P103,1,152.01,152.01
O00429,2025-05-09,North,C1006,P101,3,47.77,143.31
O01555,2024-04-17,West,C1039,P100,2,18.48,36.96
O01520,2024-02-04,West,C1026,P105,4,37.79,151.16
O01662,2025-01-24,West,C1019,P110,4,96.82,387.28
O00271,2024-12-12,North,C1043,P108,5,206.87,1034.35
O00835,2025-02-27,South,C1041,P106,3,83.56,250.68
O01646,2024-12-16,West,C1021,P108,1,220.76,220.76
O01095,2024-04-26,East,C1047,P101,3,46.25,138.75
O01157,2024-07-09,East,C1012,P108,2,245.17,490.34
O00614,2024-01-18,South,C1005,P110,5,95.36,476.8
O01013,2025-12-03,South,C1013,P107,5,59.72,298.6
O00578,2025-11-15,North,C1008,P101,5,44.11,220.55
O00709,2024-06-07,South,C1054,P105,1,28.97,28.97
O01353,2025-05-28,East,C1059,P102,3,26.92,80.76
O00209,2024-09-15,North,C1052,P102,2,23.33,46.66
O00289,2025-01-26,North,C1006,P104,5,18.4,92.0
O00105,2024-04-24,North,C1037,P100,5,12.17,60.85
O00237,2024-10-08,North,C1001,P106,5,84.99,424.95
O00864,2025-03-28,South,C1030,P101,5,35.15,175.75
O00409,2025-04-18,North,C1036,P109,4,365.4,1461.6
O00538,2025-10-22,North,C1037,P104,2,17.67,35.34
O00023,2024-01-04,North,C1015,P100,5,16.98,84.9
O00205,2024-09-12,North,C1037,P108,4,173.81,695.24
O01808,2025-10-18,West,C1039,P103,1,178.59,178.59
O01498,2024-01-20,West,C1000,P108,1,212.83,212.83
O00921,2025-06-04,South,C1004,P100,1,15.64,15.64
O00951,2025-08-19,South,C1018,P102,1,21.04,21.04
O00719,2024-06-02,South,C1045,P106,1,83.02,83.02
O01422,2025-08-24,East,C1010,P101,1,46.91,46.91
O01129,2024-06-17,East,C1003,P101,1,39.54,39.54
O01506,2024-01-11,West,C1029,P107,5,54.65,273.25
O00654,2024-03-12,South,C1050,P100,3,13.26,39.78
O00665,2024-03-18,South,C1004,P105,3,25.4,76.2
O00609,2025-12-26,North,C1015,P101,3,34.34,103.02
O01682,2025-02-19,West,C1053,P111,4,23.84,95.36
O00020,2024-01-26,North,C1043,P102,1,27.98,27.98
O00633,2024-02-02,South,C1058,P100,3,16.08,48.24
O00436,2025-05-04,North,C1001,P102,1,20.47,20.47
O00600,2025-12-18,North,C1001,P103,1,205.44,205.44
O00554,2025-10-06,North,C1043,P104,1,22.41,22.41
O00082,2024-03-19,North,C1049,P104,3,19.08,57.24
O00958,2025-09-10,South,C1028,P109,1,386.22,386.22
O00620,2024-01-21,South,C1004,P107,3,44.02,132.06
O00052,2024-02-20,North,C1006,P106,3,77.17,231.51
O00260,2024-11-07,North,C1008,P108,5,218.11,1090.55
O01071,2024-03-09,East,C1044,P103,3,134.99,404.97
O01477,2025-12-09,East,C1047,P110,3,80.1,240.3
O00397,2025-04-27,North,C1043,P109,4,359.94,1439.76
O01001,2025-12-10,South,C1022,P111,5,19.98,99.9
O01421,2025-08-10,East,C1023,P103,4,150.11,600.44
O00684,2024-04-13,South,C1009,P105,1,28.91,28.91
O01502,2024-01-04,West,C1039,P108,3,227.79,683.37
O01147,2024-07-15,East,C1011,P102,3,27.56,82.68
O01714,2025-04-19,West,C1051,P106,5,84.06,420.3
O01639,2024-11-07,West,C1000,P106,2,95.25,190.5
O01344,2025-05-08,East,C1034,P106,5,82.36,411.8
O00050,2024-02-05,North,C1015,P100,3,12.04,36.12
O00095,2024-04-04,North,C1043,P108,3,263.72,791.16
O01767,2025-07-11,West,C1053,P107,1,47.82,47.82
O00528,2025-09-11,,C1052,P108,2,229.27,458.54
O00300,2025-01-03,North,C1001,P111,3,21.12,63.36
O01168,2024-08-14,East,C1023,P103,4,196.5,786.0
O01629,2024-10-13,West,C1051,P103,4,191.83,767.32
O00762,2024-10-23,South,C1035,P108,2,191.74,383.48
O00694,2024-05-05,South,C1058,P103,2,204.22,408.44
O01632,2024-10-07,West,C1039,P101,4,35.93,143.72
O01195,2024-10-20,East,C1059,P102,5,20.28,101.4
O01417,2025-08-13,East,C1011,P111,4,19.53,78.12
O00447,2025-06-12,North,C1052,P104,5,22.18,110.9
O01207,2024-10-13,East,C1023,P104,4,17.26,69.04
O01492,2025-12-07,East,C1034,P109,3,458.31,1374.93
O00927,2025-07-13,South,C1033,P109,3,358.5,1075.5
O00635,2024-02-08,South,C1022,P110,3,97.09,291.27
O00944,2025-08-06,South,C1025,P103,5,192.03,960.15
O01578,2024-06-23,West,C1032,P103,1,142.52,142.52
O01014,2025-12-28,South,C1007,P110,4,119.43,477.72
O00479,2025-07-22,North,C1006,P111,3,25.73,77.19
O00481,2025-07-18,North,C1052,P102,3,29.57,88.71
O01105,2024-04-08,East,C1048,P100,3,12.42,37.26
O01395,2025-07-11,East,C1044,P108,2,169.17,338.34
O00557,2025-10-04,North,C1036,P102,5,28.17,140.85
O01408,2025-08-17,East,C1003,P104,4,17.46,69.84
O01708,2025-03-10,West,C1046,P110,1,88.5,88.5
O00886,2025-04-19,South,C1050,P105,4,32.6,130.4
O00994,2025-11-27,South,C1018,P101,5,34.24,171.2
O01655,2024-12-03,West,C1032,P109,2,450.76,901.52
O01173,2024-08-07,East,C1048,P104,1,22.48,22.48
O00765,2024-10-16,South,C1045,P100,1,15.21,15.21
O00229,2024-10-05,North,C1036,P107,4,54.73,218.92
O00746,2024-08-15,South,C1041,P101,5,39.61,198.05
O00623,2024-01-20,South,C1018,P103,1,208.04,208.04
O01311,2025-03-20,East,C1011,P102,1,25.73,25.73
O01648,2024-12-10,West,C1019,P102,5,21.22,106.1
O01824,2025-11-13,West,C1053,P100,3,17.28,51.84
O01409,2025-08-27,East,C1042,P101,2,44.28,88.56
O00287,2024-12-07,North,C1006,P106,4,98.59,394.36
O01146,2024-06-15,East,C1034,P101,148,47.09,6969.32
O01360,2025-05-06,East,C1023,P111,4,17.78,71.12
O00017,2024-01-27,North,C1052,P109,2,342.87,685.74
O01131,2024-06-21,East,C1011,P108,4,262.84,1051.36
O01673,2025-01-03,West,C1026,P104,2,17.4,34.8
O01693,2025-02-11,West,C1039,P110,2,110.15,220.3
O00548,2025-10-07,North,C1017,P108,2,176.64,353.28
O01507,2024-01-07,West,C1000,P108,5,187.26,936.3
O01649,2024-12-15,West,C1039,P101,2,41.77,83.54
O01388,2025-07-18,East,C1059,P108,1,180.46,180.46
O00136,2024-05-27,North,C1040,P101,3,48.32,144.96
O01454,2025-10-14,East,C1042,P109,3,400.83,1202.49
O01365,2025-05-05,East,C1055,P110,2,101.97,203.94
O01518,2024-02-02,West,C1032,P107,5,45.5,227.5
O00212,2024-09-20,North,C1040,P110,5,87.04,435.2
O01079,2024-03-11,East,C1055,P108,2,221.82,443.64
O01299,2025-03-16,East,C1034,P111,2,19.21,38.42
O00800,2024-12-16,South,C1018,P101,5,34.59,172.95
O01027,2024-01-27,East,C1034,P108,3,241.1,723.3
O00089,2024-04-28,North,C1052,P102,4,27.64,110.56
O01753,2025-06-21,West,C1027,P107,4,,176.2
O01045,2024-02-15,East,C1031,P109,5,300.27,1501.35
O00299,2025-01-06,North,C1037,P105,3,34.96,104.88
O01784,2025-08-19,West,C1029,P110,2,79.77,159.54
O01550,2024-04-07,West,C1019,P105,4,35.42,141.68
O00730,2024-07-18,South,C1028,P110,2,116.52,233.04
O00873,2025-04-16,South,C1004,P103,1,186.71,186.71
O00703,2024-05-03,South,C1057,P109,4,300.51,1202.04
O00046,2024-02-24,North,C1049,P107,5,41.56,207.8
O00629,2024-02-25,South,C1004,P101,2,39.41,78.82
O01605,2024-08-08,West,C1026,P105,2,34.29,68.58
O00901,2025-05-20,South,C1009,P110,4,79.38,317.52
O01592,2024-07-20,West,C1039,P108,4,214.17,856.68
O00532,2025-09-10,North,C1049,P102,4,28.23,112.92
O00482,2025-07-23,North,C1006,P106,3,79.59,238.77
O01196,2024-10-10,East,C1059,P106,4,87.12,348.48
O00926,2025-07-28,South,C1009,P108,2,187.59,375.18
O00111,2024-04-25,North,C1043,P109,2,413.21,826.42
O01048,2024-02-03,East,C1012,P102,2,24.94,49.88
O01081,2024-03-11,East,C1011,P105,1,33.63,33.63
O01182,2024-09-08,East,C1012,P110,2,95.47,190.94
O00859,2025-03-06,South,C1007,P108,1,246.69,246.69
O01243,2024-12-21,East,C1031,P102,4,22.25,89.0
O00063,2024-03-19,North,C1052,P103,4,153.25,613.0
O00559,2025-11-09,North,C1043,P103,1,176.23,176.23
O01249,2025-01-10,East,C1042,P100,3,15.73,47.19
O00002,2024-01-03,North,C1037,P106,4,80.78,323.12
O01335,2025-04-12,East,C1031,P100,3,18.68,56.04
O00143,2024-06-04,North,C1036,P101,2,44.09,88.18
O01663,2025-01-09,West,C1026,P103,5,171.76,858.8
O01453,2025-10-08,East,C1042,P100,5,,87.65
O01716,2025-04-10,West,C1000,P100,4,17.82,71.28
O01059,2024-02-28,East,C1003,P100,1,17.04,17.04
O00769,2024-10-21,South,C1009,P109,5,,1527.65
O00199,2024-08-06,North,C1001,P102,3,25.9,77.7
O00461,2025-06-27,North,C1043,P100,5,14.42,72.1
O00160,2024-06-28,North,C1001,P100,4,16.12,64.48
O00903,2025-05-07,South,C1004,P103,2,194.75,389.5
O00889,2025-05-20,South,C1016,P105,4,35.09,140.36
O01159,2024-07-28,East,C1042,P108,3,251.47,754.41
O01480,2025-12-02,East,C1059,P108,2,235.56,471.12
O00084,2024-04-22,North,C1043,P106,5,72.74,363.7
O00594,2025-12-17,North,C1037,P106,5,63.78,318.9
O01345,2025-05-14,East,C1010,P110,3,102.56,307.68
O01414,2025-08-08,East,C1042,P102,4,25.67,102.68
O01696,2025-03-03,West,C1029,P108,5,257.27,1286.35
O00428,2025-05-28,North,C1043,P104,1,18.13,18.13
O00290,2025-01-11,North,C1015,P103,5,193.38,966.9
O00530,2025-09-25,North,C1036,P107,4,45.56,182.24
O01444,2025-10-24,East,C1023,P103,1,207.0,207.0
O00648,2024-03-15,South,C1002,P102,4,20.62,82.48
O01805,2025-10-11,West,C1027,P100,5,17.61,88.05
O00402,2025-04-10,North,C1049,P104,5,23.13,115.65
O00155,2024-06-12,North,C1052,P101,1,46.95,46.95
O01354,2025-05-21,East,C1042,P101,1,33.04,33.04
O01178,2024-08-10,East,C1044,P101,5,34.38,171.9
O00970,2025-10-18,South,C1033,P109,1,357.5,357.5
O01133,2024-06-06,East,C1055,P101,5,40.36,201.8
O01715,2025-04-25,West,C1019,P106,5,76.26,381.3
O01837,2025-12-10,West,C1053,P102,4,24.32,97.28
O01709,2025-03-19,West,C1053,P105,5,32.54,162.7
O00651,2024-03-14,South,C1018,P111,1,19.48,19.48
O01754,2025-06-07,West,C1014,P101,2,43.06,86.12
O00580,2025-11-08,North,C1052,P106,2,72.46,144.92
O00315,2025-01-18,North,C1015,P108,2,198.77,397.54
O00829,2025-02-05,South,C1050,P106,1,85.11,85.11
O01521,2024-02-03,West,C1029,P102,5,28.11,140.55
O00427,2025-05-12,North,C1006,P106,4,79.02,316.08
O01294,2025-03-21,East,C1047,P111,4,20.23,80.92
O01166,2024-08-11,East,C1042,P101,3,33.61,100.83
O01719,2025-04-22,West,C1027,P101,5,40.96,204.8
O01072,2024-03-11,East,C1031,P111,3,20.17,60.51
O00491,2025-07-03,North,C1040,P108,4,259.13,1036.52
O00522,2025-09-05,North,C1049,P107,3,44.54,133.62
O01235,2024-12-02,East,C1047,P109,3,415.45,1246.35
O00492,2025-07-24,North,C1037,P101,141,42.79,6033.39
O00423,2025-05-10,North,C1043,P104,3,23.35,70.05
O00714,2024-06-20,South,C1007,P101,5,48.17,240.85
O01677,2025-02-09,West,C1046,P107,4,53.95,215.8
O00444,2025-06-23,North,C1043,P111,3,22.73,68.19
O00661,2024-03-05,South,C1024,P108,2,245.47,490.94
O01734,2025-05-04,West,C1029,P106,3,85.83,257.49
O00055,2024-03-08,North,C1040,P108,2,222.84,445.68
O01746,2025-05-18,West,C1029,P108,4,208.0,832.0
O01282,2025-02-11,East,C1010,P107,5,41.22,206.1
O00875,2025-04-22,South,C1050,P104,2,18.57,37.14
O00977,2025-10-08,South,C1041,P100,4,17.93,71.72
O01371,2025-06-02,East,C1003,P101,4,43.69,174.76
O00410,2025-04-13,North,C1040,P105,1,26.9,26.9
O00013,2024-01-19,North,C1040,P111,2,23.78,47.56
O00913,2025-06-13,South,C1035,P109,5,419.63,2098.15
O00405,2025-04-28,North,C1049,P104,2,23.88,47.76
O01811,2025-10-03,West,C1014,P100,5,14.28,71.4
O00074,2024-03-05,North,C1040,P107,4,60.68,242.72
O00196,2024-08-23,North,C1040,P100,2,17.23,34.46
O00400,2025-04-22,North,C1049,P111,2,24.98,49.96
O00309,2025-01-10,North,C1008,P101,5,34.28,171.4
O00624,2024-01-04,South,C1045,P103,3,184.24,552.72
O00987,2025-11-09,South,C1058,P100,4,13.41,53.64
O01044,2024-02-28,East,C1023,P104,1,20.27,20.27
O00922,2025-06-16,South,C1022,P101,3,34.7,104.1
O01364,2025-05-20,East,C1011,P100,4,14.33,57.32
O00216,2024-09-07,North,C1040,P102,5,19.95,99.75
O00847,2025-03-08,South,C1018,P103,4,196.89,787.56
O00164,2024-07-16,North,C1006,P111,4,23.08,92.32
O01197,2024-10-21,East,C1056,P101,5,46.07,230.35
O01806,2025-10-10,West,C1046,P103,3,179.11,537.33
O00560,2025-11-16,North,C1036,P106,2,85.39,170.78
O00992,2025-11-14,South,C1024,P104,1,15.82,15.82
O01475,2025-12-15,East,C1031,P111,4,20.21,80.84
O00539,2025-10-22,North,C1006,P101,2,46.39,92.78
O00670,2024-04-04,South,C1041,P110,2,78.11,156.22
O00825,2025-02-05,South,C1058,P105,5,29.45,147.25
O00727,2024-07-21,South,C1022,P107,5,60.45,302.25
O00281,2024-12-13,North,C1006,P102,5,21.08,105.4
O01775,2025-07-21,West,C1029,P106,1,97.58,97.58
O00497,2025-08-13,North,C1049,P100,5,13.62,68.1
O00312,2025-01-09,North,C1017,P108,2,232.77,465.54
O00132,2024-05-11,North,C1049,P110,3,84.61,253.83
O00252,2024-11-21,North,C1040,P104,5,23.21,116.05
O01577,2024-06-22,West,C1000,P103,4,148.33,593.32
O00495,2025-08-23,North,C1036,P106,5,71.47,357.35
O01124,2024-05-17,East,C1047,P110,2,77.11,154.22
O00899,2025-05-17,South,C1035,P101,3,35.77,107.31
O01378,2025-06-07,East,C1055,P109,1,383.17,383.17
O01658,2024-12-11,West,C1026,P105,5,30.45,152.25
O00790,2024-12-04,South,C1045,P104,3,20.76,62.28
O00585,2025-12-28,North,C1049,P102,3,29.75,89.25
O01599,2024-07-24,West,C1032,P103,1,189.91,189.91
O00768,2024-10-22,South,C1057,P109,4,310.29,1241.16
O00984,2025-10-02,South,C1005,P101,2,47.77,95.54
O00360,2025-03-09,North,C1049,P106,5,89.45,447.25
O00787,2024-12-27,South,C1024,P100,5,15.34,76.7
O00858,2025-03-25,South,C1030,P111,1,26.27,26.27
O01103,2024-04-25,East,C1042,P101,5,47.07,235.35
O01264,2025-01-15,East,C1047,P103,1,169.06,169.06
O00240,2024-10-13,North,C1001,P107,1,,50.73
O00351,2025-03-21,North,C1001,P107,3,44.97,134.91
O01425,2025-09-19,East,C1055,P108,2,202.5,405.0
O01604,2024-08-22,West,C1046,P109,3,399.8,1199.4
O00828,2025-02-14,South,C1038,P110,3,110.15,330.45
O00662,2024-03-18,South,C1022,P108,2,236.19,472.38
O01248,2025-01-20,East,C1003,P111,5,20.1,100.5
O00738,2024-08-24,South,C1054,P111,2,18.13,36.26
O00824,2025-02-22,South,C1004,P101,5,46.52,232.6
O00571,2025-11-27,North,C1037,P110,5,96.83,484.15
O00699,2024-05-04,South,C1018,P102,5,20.88,104.4
O01372,2025-06-03,East,C1055,P110,4,84.56,338.24
O00650,2024-03-08,South,C1058,P108,5,216.44,1082.2
O00998,2025-11-21,South,C1024,P104,2,21.18,42.36
O01094,2024-04-03,East,C1031,P108,5,248.1,1240.5
O01316,2025-03-09,East,C1023,P102,4,27.39,109.56
O00028,13/45/2024,North,C1015,P110,3,83.33,249.99
O00426,2025-05-16,North,C1006,P100,4,18.13,72.52
O01566,2024-05-08,West,C1046,P102,2,25.21,50.42
O01293,2025-03-14,East,C1011,P110,5,91.95,459.75
O00639,2024-02-23,South,C1018,P101,1,47.39,47.39
O00672,2024-04-15,South,C1038,P102,1,25.56,25.56
O00488,2025-07-12,North,C1043,P103,1,153.37,153.37
O01442,2025-10-04,East,C1012,P110,3,97.15,291.45
O01588,2024-06-18,West,C1014,P105,4,30.1,120.4
O00978,2025-10-19,South,C1025,P103,5,192.5,962.5
O01154,2024-07-22,East,C1055,P100,1,17.29,17.29
O00496,2025-08-28,North,C1008,P100,2,13.7,27.4
O00598,2025-12-26,North,C1001,P108,3,220.75,662.25
O01238,2024-12-13,East,C1023,P107,4,49.73,198.92
O01009,2025-12-19,South,C1016,P105,3,35.79,107.37
O00091,2024-04-05,North,C1043,P108,1,224.47,224.47
O00051,2024-02-06,North,C1049,P102,1,20.2,20.2
O00263,2024-12-04,North,C1043,P110,5,88.11,440.55
O00892,2025-05-24,South,C1020,P100,5,15.84,79.2
O01265,2025-01-12,East,C1059,P109,2,360.51,721.02
O00149,2024-06-20,North,C1015,P104,3,22.11,66.33
O01318,2025-03-13,East,C1044,P109,4,323.37,1293.48
O00391,2025-04-19,North,C1008,P102,2,25.81,51.62
O01544,2024-03-07,West,C1021,P108,5,218.86,1094.3
O00079,2024-03-16,North,C1037,P103,4,191.06,764.24
O01021,2024-01-08,East,C1011,P110,4,98.63,394.52
O01791,2025-09-19,West,C1021,P111,5,19.08,95.4
O01160,2024-07-27,East,C1023,P105,2,31.51,63.02
O00036,2024-02-02,North,C1015,P106,3,82.99,248.97
O01440,2025-10-10,East,C1012,P101,2,36.11,72.22
O00943,2025-08-23,South,C1041,P103,3,205.78,617.34
O01497,2024-01-28,West,C1051,P110,1,115.02,115.02
O01466,2025-11-13,East,C1059,P105,4,29.5,118.0
O00324,2025-02-08,North,C1036,P101,4,42.15,168.6
O00983,2025-10-06,South,C1002,P104,4,21.84,87.36
O00007,2024-01-04,North,C1017,P102,1,25.05,25.05
O01150,2024-07-24,East,C1047,P101,3,36.2,108.6
O01795,2025-09-18,West,C1014,P108,3,251.99,755.97
O00453,2025-06-28,North,C1001,P109,2,375.7,751.4
O01093,2024-04-04,East,C1023,P106,4,87.91,351.64
O01596,2024-07-25,West,C1027,P100,2,12.73,25.46
O00217,2024-09-18,North,C1043,P103,4,151.36,605.44
O01066,2024-03-21,East,C1012,P111,1,17.78,17.78
O00396,2025-04-18,North,C1006,P109,1,406.38,406.38
O01500,2024-01-14,West,C1021,P110,3,99.54,298.62
O00504,2025-08-14,North,C1043,P108,3,250.73,752.19
O00384,2025-04-28,North,C1015,P109,2,357.96,715.92
O00311,2025-01-05,North,C1052,P102,1,22.68,22.68
O00595,2025-12-06,North,C1052,P109,1,395.9,395.9
O00780,2024-11-09,South,C1038,P103,1,173.08,173.08
O00521,2025-09-24,North,C1017,P105,1,35.99,35.99
O00871,2025-04-10,South,C1020,P100,4,15.67,62.68
O00737,2024-08-15,South,C1045,P102,3,26.1,78.3
O01451,2025-10-09,East,C1003,P102,5,26.86,134.3
O00206,2024-09-07,North,C1008,P101,3,36.12,108.36
O01728,2025-04-21,West,C1019,P108,4,200.2,800.8
O01229,2024-12-06,East,C1012,P109,1,405.9,405.9
O01460,2025-11-25,East,C1044,P104,2,22.18,44.36
O01401,2025-07-16,East,C1011,P108,5,227.38,1136.9
O00743,2024-08-24,South,C1033,P106,4,66.2,264.8
O00917,2025-06-02,South,C1009,P105,2,34.15,68.3
O01214,2024-11-28,East,C1044,P110,1,91.38,91.38
O00664,2024-03-16,South,C1022,P103,1,173.53,173.53
O00679,2024-04-25,South,C1054,P109,3,310.44,931.32
O01833,2025-12-24,West,C1014,P103,1,179.02,179.02
O00575,2025-11-27,North,C1017,P105,1,27.61,27.61
O01136,2024-06-04,East,C1056,P110,4,83.76,335.04
O00630,2024-02-06,South,C1050,P106,2,87.75,175.5
O00316,2025-01-12,North,C1008,P110,3,107.16,321.48
O01012,2025-12-07,South,C1028,P105,2,29.98,59.96
O01614,2024-09-06,West,C1046,P108,2,183.27,366.54
O01760,2025-06-20,West,C1053,P104,2,15.76,31.52
O01831,2025-12-21,West,C1039,P110,3,89.62,268.86
O00956,2025-09-03,South,C1025,P107,3,51.5,154.5
O01535,2024-03-18,West,C1053,P106,5,65.53,327.65
O01789,2025-09-26,West,C1027,P105,2,37.88,75.76
O01366,2025-05-20,East,C1034,P107,1,40.79,40.79
O01101,2024-04-11,East,C1034,P100,3,16.38,49.14
O01445,2025-10-19,East,C1055,P110,5,100.23,501.15
O01455,2025-10-08,East,C1059,P108,4,250.99,1003.96
O00189,2024-08-11,North,C1043,P105,5,31.25,156.25
O00190,2024-08-22,North,C1006,P107,5,51.32,256.6
O00802,2024-12-26,South,C1016,P103,2,144.48,288.96
O00663,2024-03-28,South,C1054,P109,4,351.38,1405.52
O00243,2024-11-20,North,C1015,P106,1,68.38,68.38
O01640,2024-11-25,West,C1014,P108,3,241.25,723.75
O01220,2024-11-22,East,C1055,P102,5,30.37,151.85
O00689,2024-05-06,South,C1025,P110,3,113.0,339.0
O00499,2025-08-07,North,C1015,P103,5,133.33,666.65
O00042,2024-02-18,North,C1049,P109,4,439.78,1759.12
O00449,2025-06-20,North,C1015,P111,1,20.97,20.97
O00100,2024-04-07,North,C1017,P103,5,202.21,1011.05
O01267,2025-01-13,East,C1034,P110,4,86.58,346.32
O00764,2024-10-20,South,C1035,P104,3,23.98,71.94
O00583,2025-12-07,North,C1037,P102,2,25.52,51.04
O01494,2025-12-18,East,C1023,P103,3,203.15,609.45
O00485,2025-07-24,North,C1017,P108,4,178.43,713.72
O00721,2024-07-07,South,C1057,P109,1,350.96,350.96
O01755,2025-06-07,West,C1019,P103,5,151.09,755.45
O00251,2024-11-02,North,C1040,P102,3,30.57,91.71
O00437,2025-05-14,North,C1017,P105,4,38.6,154.4
O00077,2024-03-04,North,C1001,P106,1,85.18,85.18
O01427,2025-09-23,East,C1010,P111,5,24.46,122.3
O01423,2025-09-06,East,C1047,P109,3,414.98,1244.94
O00720,2024-07-25,South,C1020,P106,1,86.34,86.34
O00517,2025-09-25,North,C1006,P108,5,197.36,986.8
O01349,2025-05-08,East,C1034,P103,1,134.47,134.47
O01198,2024-10-28,East,C1047,P102,5,28.05,140.25
O00686,2024-05-13,South,C1018,P110,3,113.25,339.75
O00811,2025-01-15,South,C1018,P109,2,402.15,804.3
O01033,2024-01-02,East,C1059,P102,4,22.74,90.96
O00440,2025-05-27,North,C1049,P102,4,30.54,122.16
O00420,2025-05-19,North,C1040,P110,5,95.88,479.4
O01529,2024-03-10,West,C1039,P107,5,41.14,205.7
O00503,2025-08-07,North,C1001,P100,2,13.23,26.46
O01380,2025-06-27,East,C1011,P104,3,17.86,53.58
O01802,2025-10-09,West,C1026,P110,1,117.27,117.27
O01075,2024-03-04,East,C1034,P100,1,,15.32
O01163,2024-07-08,East,C1012,P102,2,21.83,43.66
O00201,2024-08-13,North,C1008,P100,5,12.14,60.7
O00350,2025-03-24,North,C1001,P109,3,309.58,928.74
O01652,2024-12-28,West,C1014,P103,3,149.97,449.91
O01179,2024-09-04,East,C1055,P105,5,27.48,137.4
O00636,2024-02-23,South,C1005,P100,4,14.47,57.88
O01219,2024-11-15,East,C1012,P110,2,108.0,216.0
O01284,2025-02-27,East,C1044,P102,4,21.22,84.88
O00319,2025-02-10,North,C1006,P109,2,385.48,770.96
O00949,2025-08-16,South,C1005,P110,5,91.1,455.5
O01838,2025-12-13,West,C1000,P101,5,32.05,160.25
O00582,2025-11-19,North,C1006,P111,2,25.06,50.12
O00356,2025-03-12,North,C1049,P111,1,26.31,26.31
O01144,2024-06-25,East,C1044,P105,3,33.17,99.51
O01029,2024-01-13,East,C1044,P105,5,25.25,126.25
O00494,2025-07-26,North,C1052,P107,5,42.34,211.7
O00724,2024-07-28,South,C1028,P109,1,412.97,412.97
O00181,2024-07-25,North,C1015,P103,3,147.26,441.78
O00245,2024-11-26,North,C1008,P104,5,,86.35
O01571,2024-05-10,West,C1039,P102,1,27.24,27.24
O00275,2024-12-13,North,C1040,P102,4,24.64,98.56
O01519,2024-02-05,West,C1051,P104,4,16.38,65.52
O00577,2025-11-22,North,C1040,P106,2,71.3,142.6
O01110,2024-05-10,East,C1010,P110,2,113.15,226.3
O00393,2025-04-06,North,C1037,P102,2,27.7,55.4
O01323,2025-04-18,East,C1048,P101,1,32.09,32.09
O00221,2024-09-26,North,C1017,P100,2,14.99,29.98
O00235,2024-10-19,North,C1036,P105,2,37.24,74.48
O00035,2024-02-27,North,C1052,P107,2,45.62,91.24
O00086,2024-04-27,North,C1001,P100,1,14.88,14.88
O00747,2024-09-06,South,C1022,P108,3,247.75,743.25
O00157,2024-06-02,North,C1052,P106,2,96.39,192.78
O01164,2024-08-19,East,C1010,P109,2,349.02,698.04
O01324,2025-04-04,East,C1042,P108,3,241.42,724.26
O01628,2024-10-22,West,C1051,P101,2,33.73,67.46
O00364,2025-03-22,North,C1015,P105,2,37.1,74.2
O01668,2025-01-13,West,C1039,P106,1,82.95,82.95
O00971,2025-10-03,South,C1005,P109,2,336.65,673.3
O01130,2024-06-20,East,C1012,P104,4,17.85,71.4
O00381,2025-03-12,North,C1043,P103,2,157.62,315.24
O01798,2025-09-14,West,C1000,P107,1,46.53,46.53
O01230,2024-12-27,East,C1012,P108,4,244.62,978.48
O00510,2025-08-26,North,C1036,P111,2,24.51,49.02
O00068,2024-03-10,North,C1037,P104,4,20.11,80.44
O01645,2024-11-05,West,C1051,P105,4,36.96,147.84
O01119,2024-05-13,East,C1003,P105,4,37.1,148.4
O01042,2024-02-05,East,C1042,P110,1,101.47,101.47
O01087,2024-04-27,East,C1056,P105,2,29.33,58.66
O01270,2025-02-05,East,C1044,P109,1,446.87,446.87
O00936,2025-07-20,South,C1035,P100,2,15.9,31.8
O00472,2025-07-03,North,C1008,P104,1,19.63,19.63
O01060,2024-02-14,East,C1056,P111,5,17.05,85.25
O00394,2025-04-07,North,C1049,P102,5,25.9,129.5
O01153,2024-07-08,East,C1012,P102,3,27.95,83.85
O01679,2025-02-02,West,C1021,P106,2,74.69,149.38
O01489,2025-12-22,East,C1048,P107,3,50.53,151.59
O01437,2025-09-02,East,C1048,P111,2,19.76,39.52
O00348,2025-02-24,North,C1015,P108,4,184.13,736.52
O00075,2024-03-18,North,C1049,P105,3,36.47,109.41
O00330,2025-02-28,North,C1001,P107,3,43.51,130.53
O01473,2025-11-25,East,C1055,P106,3,68.09,204.27
O01809,2025-10-09,West,C1000,P101,3,47.9,143.7
O01302,2025-03-23,East,C1056,P102,4,30.21,120.84
O01830,2025-12-13,West,C1032,P105,3,35.41,106.23
O00135,2024-05-18,North,C1008,P100,2,12.71,25.42
O00104,2024-04-27,North,C1001,P100,5,17.15,85.75
O00010,2024-01-13,North,C1017,P105,5,25.51,127.55
O01231,2024-12-05,East,C1042,P101,5,40.73,203.65
O00544,2025-10-19,North,C1017,P107,1,43.71,43.71
O00011,2024-01-26,North,C1049,P111,1,18.15,18.15
O01145,2024-06-16,East,C1003,P107,1,45.75,45.75
O00640,2024-02-18,South,C1018,P104,5,22.12,110.6
O00827,2025-02-27,South,C1018,P107,3,48.41,145.23
O00767,2024-10-27,South,C1045,P100,5,12.74,63.7
O01514,2024-02-20,West,C1019,P101,2,46.93,93.86
O01199,2024-10-24,East,C1055,P106,5,89.29,446.45
O00065,2024-03-11,North,C1015,P105,2,30.48,60.96
O00285,2024-12-26,North,C1036,P105,1,29.83,29.83
O01303,2025-03-19,East,C1023,P110,4,98.12,392.48
O01580,2024-06-02,West,C1019,P107,4,45.44,181.76
O00617,2024-01-15,South,C1004,P107,4,46.19,184.76
O00371,2025-03-17,North,C1006,P110,3,,256.8
O01383,2025-06-24,East,C1012,P105,3,36.62,109.86
O00891,2025-05-04,South,C1045,P101,4,43.82,175.28
O01636,2024-11-13,West,C1021,P105,4,29.84,119.36
O00126,2024-05-13,North,C1049,P102,1,26.61,26.61
O00408,2025-04-15,North,C1052,P108,3,222.18,666.54
O01466,2025-11-13,East,C1059,P105,4,29.5,118.0
O01308,2025-03-05,East,C1042,P103,4,203.27,813.08
O00888,2025-05-19,South,C1013,P104,1,18.49,18.49
O01546,2024-04-13,West,C1039,P103,3,208.2,624.6
O01565,2024-05-27,West,C1053,P104,2,19.17,38.34
O01185,2024-09-11,East,C1047,P110,1,111.79,111.79
O00941,2025-07-08,South,C1007,P108,5,246.23,1231.15
O00542,2025-10-21,North,C1015,P109,3,400.77,1202.31
O00140,2024-06-06,North,C1001,P105,4,37.24,148.96
O00967,2025-09-08,South,C1033,P111,3,20.58,61.74
O00261,2024-11-09,North,C1043,P102,3,20.11,60.33
O00474,2025-07-24,North,C1043,P110,3,87.59,262.77
O00166,2024-07-22,North,C1049,P103,5,159.33,796.65
O00846,2025-03-12,South,C1022,P101,2,40.75,81.5
O00227,2024-10-21,North,C1015,P104,5,21.9,109.5
O01450,2025-10-28,East,C1042,P101,5,34.94,174.7
O00693,2024-05-15,South,C1022,P110,3,88.38,265.14
O00192,2024-08-26,North,C1037,P105,5,32.83,164.15
O00861,2025-03-16,South,C1024,P110,4,94.07,376.28
O00307,2025-01-05,North,C1037,P107,2,41.25,82.5
O01542,2024-03-03,West,C1000,P100,3,12.15,36.45
O01410,2025-08-16,East,C1042,P108,4,247.9,991.6
O01612,2024-08-08,West,C1039,P108,4,190.72,762.88
O00483,2025-07-02,North,C1037,P100,4,15.14,60.56
O01499,2024-01-09,West,C1051,P100,3,12.82,38.46
O01084,2024-03-26,East,C1047,P100,1,12.15,12.15
O01630,2024-10-20,West,C1000,P102,5,24.11,120.55
O01352,2025-05-23,East,C1055,P105,4,33.2,132.8
O01739,2025-05-22,West,C1014,P108,2,234.73,469.46
O01148,2024-07-26,East,C1055,P106,1,69.64,69.64
O01386,2025-06-12,,C1031,P108,3,250.25,750.75
O00321,2025-02-26,North,C1052,P103,3,203.21,609.63
O01468,2025-11-22,East,C1031,P103,5,197.64,988.2
O01584,2024-06-13,West,C1027,P106,2,71.8,143.6
O00755,2024-09-02,South,C1030,P108,3,172.54,517.62
O00018,2024-01-08,North,C1040,P104,5,23.64,118.2
O01288,2025-02-17,East,C1056,P108,1,190.49,190.49
O00431,2025-05-28,North,C1015,P106,1,93.32,93.32
O01801,2025-10-08,West,C1019,P106,2,78.46,156.92
O01556,2024-04-10,West,C1000,P102,1,28.0,28.0
O01625,2024-10-11,West,C1027,P104,3,20.64,61.92
O01200,2024-10-27,East,C1034,P100,5,15.13,75.65
O01291,2025-02-13,East,C1010,P104,3,,48.33
O00208,2024-09-25,North,C1040,P107,3,39.23,117.69
O00238,2024-10-12,North,C1052,P108,3,233.05,699.15
O01740,2025-05-24,West,C1027,P100,2,13.78,27.56
O00786,2024-11-05,South,C1022,P101,4,34.2,136.8
O01547,2024-04-27,West,C1032,P108,5,216.16,1080.8
O01181,2024-09-26,East,C1034,P107,5,59.14,295.7
O00346,2025-02-03,North,C1049,P102,3,19.61,58.83
O01228,2024-12-10,East,C1055,P103,1,146.54,146.54
O01261,2025-01-23,East,C1059,P103,4,186.57,746.28
O01074,2024-03-11,East,C1034,P108,1,246.89,246.89
O01253,2025-01-27,East,C1048,P105,1,25.49,25.49
O00341,2025-02-23,North,C1001,P100,2,17.56,35.12
O01174,2024-08-09,East,C1003,P103,4,135.3,541.2
O00458,2025-06-19,North,C1006,P103,4,192.41,769.64
O00176,2024-07-02,North,C1006,P109,3,380.46,1141.38
O00550,2025-10-05,North,C1052,P101,1,45.36,45.36
O01560,2024-04-24,West,C1032,P109,4,421.34,1685.36
O00301,2025-01-22,North,C1043,P107,4,61.42,245.68
O01091,2024-04-20,East,C1023,P109,2,457.65,915.3
O00460,2025-06-11,North,C1049,P109,2,405.3,810.6
O00161,2024-06-22,North,C1036,P110,5,116.75,583.75
O00960,2025-09-28,South,C1057,P111,5,17.74,88.7
O01585,2024-06-17,West,C1026,P100,2,15.43,30.86
O01054,2024-02-19,East,C1056,P110,4,78.48,313.92
O00475,2025-07-06,North,C1006,P106,1,79.83,79.83
O01821,2025-11-12,West,C1014,P106,3,74.68,224.04
O00188,2024-08-02,North,C1015,P108,3,211.51,634.53
O01030,2024-01-04,East,C1048,P104,2,16.24,32.48
O00464,2025-06-05,North,C1036,P109,2,327.36,654.72
O01010,2025-12-25,South,C1024,P102,1,21.66,21.66
O00842,2025-02-09,South,C1045,P107,2,58.95,117.9
O01743,2025-05-22,West,C1051,P106,4,86.98,347.92
O00327,2025-02-06,North,C1008,P102,3,19.68,59.04
O01038,2024-01-15,East,C1047,P104,1,16.28,16.28
O01116,2024-05-18,East,C1023,P108,1,196.92,196.92
O01018,2025-12-21,South,C1020,P101,1,48.13,48.13
O01358,2025-05-16,East,C1059,P111,5,24.82,124.1
O01558,2024-04-09,West,C1019,P100,4,18.4,73.6
O00893,2025-05-11,South,C1041,P110,5,106.9,534.5
O00060,2024-03-23,North,C1001,P108,3,229.68,689.04
O00014,2024-01-04,North,C1015,P108,2,255.94,511.88
O01835,2025-12-18,West,C1039,P109,1,295.75,295.75
O00993,2025-11-12,South,C1035,P109,2,337.29,674.58
O00388,2025-04-13,North,C1006,P100,3,16.21,48.63
O00524,2025-09-23,North,C1036,P101,5,46.87,234.35
O01117,2024-05-28,East,C1010,P110,4,96.33,385.32
O00027,2024-02-10,North,C1036,P107,2,56.61,113.22
O01269,2025-02-17,East,C1010,P101,2,40.24,80.48
O00604,2025-12-19,North,C1049,P102,3,26.44,79.32
O01016,2025-12-04,South,C1002,P108,2,186.1,372.2
O00323,2025-02-22,North,C1001,P108,2,214.14,428.28
O01470,2025-11-08,East,C1042,P105,5,33.13,165.65
O01623,2024-10-07,West,C1027,P100,3,18.15,54.45
O01694,2025-03-08,West,C1000,P103,5,146.08,730.4
O00867,2025-04-17,South,C1045,P111,3,21.72,65.16
O01305,2025-03-16,East,C1011,P103,2,142.43,284.86
O01459,2025-11-11,East,C1010,P107,1,49.93,49.93
O01541,2024-03-08,West,C1026,P104,1,22.26,22.26
O00442,2025-05-07,North,C1037,P100,1,15.77,15.77
O01787,2025-08-28,West,C1029,P109,4,298.36,1193.44
O00296,2025-01-26,North,C1008,P108,1,198.64,198.64
O00555,2025-10-06,North,C1037,P107,3,44.72,134.16
O00257,2024-11-20,North,C1006,P104,2,18.39,36.78
O00561,2025-11-18,North,C1043,P107,1,42.23,42.23
O00831,2025-02-24,South,C1041,P100,5,15.25,76.25
O01037,2024-01-15,East,C1055,P101,2,38.53,77.06
O01812,2025-11-19,,C1019,P111,2,25.24,50.48
O00881,2025-04-26,South,C1018,P100,4,12.58,50.32
O00456,2025-06-28,North,C1043,P101,3,39.05,117.15
O00308,2025-01-19,North,C1036,P103,1,183.38,183.38
O00073,2024-03-21,North,C1052,P106,4,66.04,264.16
O00258,2024-11-08,North,C1049,P104,4,16.27,65.08
O01244,2024-12-13,East,C1047,P100,3,13.79,41.37
O00003,2024-01-05,North,C1049,P103,4,140.86,563.44
O01676,2025-02-26,West,C1039,P109,1,375.2,375.2
O00962,2025-09-04,South,C1004,P111,1,,24.23
O01530,2024-03-06,West,C1039,P106,3,75.47,226.41
O01814,2025-11-27,West,C1053,P101,2,37.2,74.4
O00681,2024-04-09,,C1057,P109,3,359.98,1079.94
O01132,2024-06-26,East,C1044,P102,3,28.06,84.18
O00368,2025-03-26,North,C1008,P109,3,402.58,1207.74
O00954,2025-08-18,South,C1018,P100,1,13.79,13.79
O01589,2024-06-24,West,C1000,P104,1,16.36,16.36
O00695,2024-05-07,South,C1018,P102,2,23.22,46.44
O00930,2025-07-26,South,C1018,P109,3,389.39,1168.17
O01390,2025-07-28,East,C1034,P107,3,52.75,158.25
O01701,2025-03-17,West,C1026,P111,2,17.75,35.5
O00480,2025-07-19,North,C1006,P103,4,198.91,795.64
O00558,2025-10-07,North,C1017,P109,4,409.74,1638.96
O01015,2025-12-21,South,C1028,P104,1,20.69,20.69
O01800,2025-10-05,West,C1021,P109,3,389.79,1169.37
O00910,2025-06-22,South,C1025,P106,1,76.55,76.55
O01158,2024-07-23,East,C1059,P103,2,139.6,279.2
O00586,2025-12-09,North,C1017,P111,5,19.88,99.4
O00118,2024-05-05,North,C1052,P104,1,16.58,16.58
O01319,2025-04-12,East,C1011,P109,5,403.07,2015.35
O01222,2024-11-16,East,C1047,P110,2,117.83,235.66
O01595,2024-07-25,West,C1027,P101,5,43.3,216.5
O00683,2024-04-13,South,C1030,P111,5,19.95,99.75
O01534,2024-03-14,West,C1026,P111,3,22.01,66.03
O00006,2024-01-27,North,C1037,P107,1,50.0,50.0
O01713,2025-04-13,West,C1000,P105,2,31.34,62.68
O00467,2025-06-07,North,C1049,P111,2,19.6,39.2
O01419,2025-08-06,East,C1059,P109,2,415.56,831.12
O01246,2025-01-23,East,C1059,P111,2,21.0,42.0
O01672,2025-01-25,West,C1039,P103,2,171.0,342.0
O00843,2025-02-23,South,C1007,P101,5,42.5,212.5
O00446,2025-06-08,North,C1037,P101,3,38.51,115.53
O00137,2024-05-10,North,C1008,P111,3,23.4,70.2
O00012,2024-01-04,North,C1037,P110,2,106.58,213.16
O01139,2024-06-23,East,C1042,P101,2,34.82,69.64
O01464,2025-11-17,East,C1044,P109,4,380.64,1522.56
O00333,2025-02-23,North,C1015,P106,3,72.74,218.22
O00878,2025-04-24,South,C1020,P111,3,17.58,52.74
O00952,2025-08-15,South,C1013,P107,5,57.56,287.8
O00777,2024-11-17,South,C1002,P104,4,21.18,84.72
O00605,2025-12-23,North,C1006,P111,3,23.63,70.89
O00569,2025-11-03,North,C1015,P107,1,50.75,50.75
O01554,2024-04-10,West,C1046,P111,3,26.38,79.14
O01772,2025-07-21,West,C1053,P105,2,26.52,53.04
O00085,2024-04-10,North,C1040,P105,3,27.47,82.41
O01705,2025-03-12,West,C1053,P105,2,35.46,70.92
O01082,2024-03-10,East,C1031,P105,1,29.96,29.96
O00756,2024-09-28,South,C1022,P104,1,15.79,15.79
O01268,2025-02-11,East,C1003,P111,1,25.66,25.66
O00152,2024-06-25,North,C1052,P105,4,32.47,129.88
O01416,2025-08-14,East,C1012,P102,2,26.19,52.38
O01776,2025-08-24,West,C1021,P103,2,159.76,319.52
O00389,2025-04-27,North,C1015,P110,5,94.23,471.15
O00732,2024-07-11,South,C1054,P105,4,29.34,117.36
O00173,2024-07-21,North,C1036,P107,4,56.53,226.12
O01768,2025-07-23,West,C1014,P110,4,77.27,309.08
O00531,2025-09-12,North,C1037,P104,4,24.02,96.08
O01128,2024-06-02,East,C1048,P105,2,34.49,68.98
O00766,2024-10-08,South,C1018,P107,2,51.02,102.04
O00736,2024-08-07,South,C1025,P110,2,85.72,171.44
O01397,2025-07-18,East,C1048,P110,1,99.9,99.9
O01271,2025-02-17,East,C1034,P105,4,32.55,130.2
O01272,2025-02-15,East,C1055,P111,4,19.33,77.32
O00375,2025-03-03,North,C1001,P105,2,30.35,60.7
O01069,2024-03-24,East,C1044,P104,2,18.98,37.96
O00710,2024-06-12,South,C1033,P111,2,20.12,40.24
O00938,2025-07-17,South,C1057,P102,5,29.48,147.4
O01657,2024-12-09,West,C1000,P111,5,20.76,103.8
O01615,2024-09-08,West,C1027,P107,3,44.48,133.44
O00671,2024-04-22,South,C1020,P102,2,,61.4
O00033,2024-02-05,North,C1037,P108,3,257.05,771.15
O00239,2024-10-17,North,C1008,P111,4,24.08,96.32
O00128,2024-05-26,North,C1006,P102,1,25.24,25.24
O00355,2025-03-06,North,C1001,P108,2,184.83,369.66
O00165,2024-07-28,North,C1052,P107,1,45.66,45.66
O01242,2024-12-27,East,C1056,P105,1,32.52,32.52
O00493,2025-07-06,North,C1052,P110,4,112.73,450.92
O00473,2025-07-22,North,C1037,P103,3,194.95,584.85
O01602,2024-08-14,West,C1027,P100,4,14.22,56.88
O01407,2025-08-23,East,C1044,P110,3,82.61,247.83
O01341,2025-04-16,East,C1031,P106,1,64.21,64.21
O01190,2024-09-18,East,C1012,P101,4,37.51,150.04
O00090,2024-04-05,North,C1049,P106,3,93.62,280.86
O01749,2025-06-27,West,C1026,P105,3,31.36,94.08
O00098,2024-04-04,North,C1017,P100,4,18.0,72.0
O01067,2024-03-10,East,C1023,P111,4,16.92,67.68
O01024,2024-01-07,East,C1012,P110,2,78.18,156.36
O01356,2025-05-04,East,C1042,P105,4,27.13,108.52
O00450,2025-06-21,North,C1001,P104,4,16.89,67.56
O00551,2025-10-22,North,C1017,P102,1,26.67,26.67
O01135,2024-06-12,East,C1012,P100,3,15.34,46.02
O00219,2024-09-25,North,C1036,P110,2,104.24,208.48
O00179,2024-07-11,North,C1008,P109,3,437.36,1312.08
O00434,2025-05-21,North,C1052,P110,3,98.25,294.75
O00568,2025-11-16,North,C1043,P101,5,41.4,207.0
O01457,2025-11-16,East,C1059,P105,4,32.76,131.04
O00742,2024-08-21,South,C1058,P100,1,12.35,12.35
O01180,2024-09-25,East,C1055,P103,4,137.35,549.4
O00484,2025-07-12,North,C1017,P109,3,389.45,1168.35
O01370,2025-06-17,East,C1031,P100,5,13.64,68.2
O01452,2025-10-15,East,C1023,P106,5,86.56,432.8
O00438,2025-05-02,North,C1006,P106,1,68.67,68.67
O00781,2024-11-20,South,C1054,P104,3,16.2,48.6
O00549,2025-10-03,North,C1036,P106,2,98.63,197.26
O00854,2025-03-23,South,C1013,P108,4,249.95,999.8
O01086,2024-04-02,East,C1034,P109,4,447.79,1791.16
O01643,2024-11-24,West,C1053,P103,5,145.09,725.45
O00783,2024-11-18,South,C1004,P105,2,33.72,67.44
O01332,2025-04-22,East,C1003,P110,2,88.79,177.58
O01125,2024-05-18,East,C1023,P106,3,67.65,202.95
O01495,2025-12-19,East,C1012,P111,2,23.52,47.04
O01008,2025-12-28,South,C1030,P101,3,31.92,95.76
O01177,2024-08-25,East,C1042,P109,3,343.95,1031.85
O01329,2025-04-04,East,C1047,P106,4,88.63,354.52
O00674,2024-04-26,South,C1041,P103,3,166.01,498.03
O01758,2025-06-28,West,C1046,P102,5,24.79,123.95
O00687,2024-05-28,South,C1045,P103,4,192.64,770.56
O01699,2025-03-14,West,C1051,P108,3,204.01,612.03
O01551,2024-04-12,West,C1026,P100,2,11.93,23.86
O00818,2025-01-22,South,C1041,P100,4,17.52,70.08
O00753,2024-09-18,South,C1002,P100,2,12.81,25.62
O00122,2024-05-02,North,C1037,P107,5,48.57,242.85
O00700,2024-05-27,South,C1020,P100,4,14.04,56.16
O00877,2025-04-02,South,C1050,P106,5,71.11,355.55
O01142,2024-06-10,East,C1010,P104,1,19.54,19.54
O01041,2024-02-17,East,C1048,P100,5,18.15,90.75
O01736,2025-05-18,West,C1039,P101,5,47.01,235.05
O00579,2025-11-28,North,C1001,P109,2,331.62,663.24
O00856,2025-03-08,South,C1028,P100,2,16.47,32.94
O01587,2024-06-11,West,C1051,P106,5,68.39,341.95
O00039,2024-02-23,North,C1036,P110,4,97.56,390.24
O00032,2024-02-21,North,C1040,P110,1,109.52,109.52
O01286,2025-02-03,East,C1012,P109,5,317.42,1587.1
O00107,2024-04-19,North,C1008,P109,3,436.99,1310.97
O00024,2024-01-27,North,C1001,P103,1,151.31,151.31
O00711,2024-06-22,South,C1054,P110,5,93.67,468.35
O00070,2024-03-19,North,C1008,P100,4,13.86,55.44
O01650,2024-12-09,West,C1026,P105,2,32.45,64.9
O01120,2024-05-27,East,C1012,P106,1,83.31,83.31
O01619,2024-09-13,West,C1039,P101,3,38.99,116.97
O01369,2025-06-25,East,C1056,P110,3,,310.62
O01099,2024-04-08,East,C1047,P104,4,20.86,83.44
O01667,2025-01-15,West,C1027,P102,3,26.57,79.71
O01626,2024-10-06,West,C1053,P102,5,24.88,124.4
O00266,2024-12-03,North,C1001,P100,3,12.84,38.52
O01205,2024-10-17,East,C1044,P111,4,18.41,73.64
O01017,2025-12-18,South,C1022,P102,5,30.65,153.25
O01065,2024-03-18,East,C1034,P105,4,29.4,117.6
O00505,2025-08-20,North,C1036,P105,4,39.36,157.44
O00277,2024-12-11,North,C1015,P105,4,32.84,131.36
O00810,2025-01-10,South,C1041,P101,4,35.97,143.88
O00340,2025-02-03,North,C1006,P110,2,106.58,213.16
O01387,2025-06-20,East,C1034,P109,3,295.23,885.69
O00946,2025-08-06,South,C1045,P101,4,31.01,124.04
O01403,2025-07-22,East,C1048,P106,1,93.24,93.24
O00186,2024-08-26,North,C1015,P110,3,98.86,296.58
O00799,2024-12-24,South,C1028,P111,2,18.2,36.4
O00931,2025-07-06,South,C1002,P110,5,100.47,502.35
O00745,2024-08-16,South,C1022,P103,3,165.39,496.17
O00979,2025-10-15,South,C1013,P109,5,397.71,1988.55
O01665,2025-01-27,West,C1000,P102,2,20.91,41.82
O00062,2024-03-25,North,C1049,P105,5,31.86,159.3
O00798,2024-12-05,South,C1022,P104,5,16.25,81.25
O01251,2025-01-07,East,C1056,P106,5,67.01,335.05
O01660,2025-01-24,West,C1046,P101,4,45.97,183.88
O01583,2024-06-08,West,C1019,P111,2,21.05,42.1
O00194,2024-08-08,North,C1052,P107,5,46.42,232.1
O00647,2024-03-03,South,C1041,P110,2,118.6,237.2
O00034,2024-02-10,North,C1043,P106,5,80.59,402.95
O01759,2025-06-13,West,C1027,P103,4,156.73,626.92
O00801,2024-12-17,South,C1016,P110,2,93.2,186.4
O00058,2024-03-26,North,C1043,P107,3,41.42,124.26
O00939,2025-07-14,South,C1020,P104,4,18.23,72.92
O01241,2024-12-19,East,C1023,P106,5,86.49,432.45
O00359,2025-03-07,North,C1040,P106,3,70.95,212.85
O01070,2024-03-15,East,C1047,P101,5,34.73,173.65
O01461,2025-11-14,East,C1011,P102,4,26.52,106.08
O00069,2024-03-19,North,C1015,P108,3,245.22,735.66
O00292,2025-01-26,North,C1036,P106,2,78.77,157.54
O00047,2024-02-18,North,C1017,P104,3,16.69,50.07
O00924,2025-06-05,South,C1025,P111,1,26.22,26.22
O00278,2024-12-08,North,C1043,P103,2,145.26,290.52
O01697,2025-03-03,West,C1027,P103,4,167.29,669.16
O00225,2024-10-04,North,C1037,P106,5,64.07,320.35
O00865,2025-03-05,South,C1057,P108,5,250.61,1253.05
O00382,2025-04-17,North,C1043,P107,1,57.26,57.26
O01788,2025-09-11,West,C1014,P110,2,93.11,186.22
O00365,2025-03-12,North,C1036,P111,1,19.4,19.4
O01757,2025-06-27,West,C1000,P104,2,20.34,40.68
O01025,2024-01-20,East,C1034,P107,3,53.71,161.13
O00774,2024-11-28,South,C1009,P109,2,320.95,641.9
O01227,2024-12-09,East,C1003,P102,1,19.77,19.77
O00067,2024-03-27,North,C1015,P102,4,29.86,119.44
O01056,2024-02-18,East,C1042,P108,1,208.42,208.42
O00868,2025-04-11,South,C1057,P106,2,77.77,155.54
O00029,2024-02-08,North,C1006,P100,1,,12.8
O00295,2025-01-06,North,C1052,P111,3,22.87,68.61
O00114,2024-05-17,North,C1040,P103,5,144.03,720.15
O00246,2024-11-21,North,C1008,P110,5,115.65,578.25
O01023,2024-01-25,East,C1023,P111,1,18.18,18.18
O01186,2024-09-10,East,C1010,P100,2,15.79,31.58
O00981,2025-10-13,South,C1050,P103,5,151.58,757.9
O00412,2025-04-25,North,C1052,P107,4,39.74,158.96
O01439,2025-10-17,East,C1042,P104,1,22.69,22.69
O01777,2025-08-14,West,C1039,P102,4,19.67,78.68
O00117,2024-05-15,North,C1052,P105,3,31.02,93.06
O01711,2025-03-03,West,C1032,P110,4,88.36,353.44
O01484,2025-12-10,East,C1003,P109,3,441.23,1323.69
O00248,2024-11-23,North,C1040,P104,3,20.42,61.26
O00666,2024-03-09,South,C1020,P104,4,15.75,63.0
O01748,2025-06-05,West,C1053,P107,5,59.36,296.8
O01375,2025-06-15,East,C1055,P105,3,35.54,106.62
O00093,2024-04-09,North,C1006,P111,3,21.2,63.6
O00115,2024-05-10,North,C1037,P110,3,102.43,307.29
O00255,2024-11-14,North,C1040,P108,3,186.89,560.67
O00430,2025-05-25,North,C1001,P101,4,43.26,173.04
O00589,2025-12-10,North,C1008,P106,3,67.58,202.74
O01478,2025-12-02,East,C1059,P108,2,232.87,465.74
O00119,2024-05-10,North,C1043,P106,1,78.4,78.4
O00133,2024-05-22,North,C1052,P101,1,31.06,31.06
O01334,2025-04-27,East,C1048,P103,4,,774.64
O01726,2025-04-28,West,C1019,P100,2,13.54,27.08
O00247,2024-11-15,North,C1036,P109,3,418.61,1255.83
O01210,2024-11-10,East,C1056,P111,4,18.72,74.88
O00776,2024-11-03,South,C1004,P109,1,361.92,361.92
O00553,2025-10-14,North,C1015,P100,3,14.25,42.75
O01114,2024-05-14,East,C1042,P103,2,193.01,386.02
O01257,2025-01-08,East,C1044,P105,3,27.25,81.75
O01817,2025-11-25,West,C1019,P102,3,21.26,63.78
O01738,2025-05-08,West,C1014,P103,2,145.22,290.44
O01258,2025-01-15,East,C1031,P108,3,218.22,654.66
O00652,2024-03-12,South,C1020,P106,5,82.11,410.55
O01171,2024-08-28,East,C1056,P104,4,20.67,82.68
O01143,2024-06-28,East,C1059,P101,5,32.81,164.05
O01828,2025-12-26,West,C1019,P102,2,29.8,59.6
O01773,2025-07-07,West,C1026,P108,3,258.62,775.86
O00534,2025-09-02,North,C1049,P110,5,86.69,433.45
O00863,2025-03-08,South,C1057,P110,2,84.5,169.0
O01266,2025-01-16,East,C1031,P104,3,20.19,60.57
O01428,2025-09-02,East,C1003,P109,3,339.89,1019.67
O00898,2025-05-20,South,C1035,P109,2,300.71,601.42
O01275,2025-02-18,East,C1031,P104,2,16.96,33.92
O01781,2025-08-04,West,C1000,P101,4,32.67,130.68
O00677,2024-04-04,South,C1030,P102,1,26.95,26.95
O00015,2024-01-03,North,C1017,P109,2,387.22,774.44
O00501,2025-08-16,North,C1052,P107,5,57.34,286.7
O01504,2024-01-09,West,C1021,P107,2,49.22,98.44
O01107,2024-05-18,East,C1055,P103,3,153.07,459.21
O01548,2024-04-26,West,C1000,P109,3,379.23,1137.69
O00601,2025-12-10,North,C1008,P106,3,80.18,240.54
O00876,2025-04-07,South,C1045,P105,1,27.89,27.89
O00274,2024-12-09,North,C1017,P106,2,93.47,186.94
O00685,2024-04-06,South,C1041,P103,1,159.75,159.75
O01379,2025-06-03,East,C1044,P100,4,12.11,48.44
O01134,2024-06-16,East,C1012,P110,3,115.2,345.6
O00372,2025-03-07,North,C1015,P111,1,17.75,17.75
O00272,2024-12-22,North,C1001,P107,1,43.83,43.83
O00606,2025-12-14,North,C1052,P102,5,26.36,131.8
O00215,2024-09-05,North,C1006,P106,2,96.08,192.16
O01382,2025-06-20,East,C1059,P100,5,15.38,76.9
O00345,2025-02-06,North,C1015,P103,2,,347.14
O00839,2025-02-13,South,C1022,P107,1,49.6,49.6
O00148,2024-06-24,North,C1017,P104,5,21.01,105.05
O01022,2024-01-03,East,C1023,P104,1,16.11,16.11
O01771,2025-07-13,West,C1032,P103,1,183.01,183.01
O00413,2025-04-14,North,C1017,P104,3,21.47,64.41
O01224,2024-11-07,East,C1042,P108,1,199.18,199.18
O00784,2024-11-14,South,C1030,P106,4,94.11,376.44
O00343,2025-02-23,North,C1015,P102,4,25.1,100.4
O00948,2025-08-04,South,C1041,P101,5,41.22,206.1
O00748,2024-09-14,South,C1004,P104,2,23.2,46.4
O00174,2024-07-21,North,C1049,P109,4,428.55,1714.2
O00378,2025-03-05,North,C1052,P107,1,53.08,53.08
O00739,2024-08-20,South,C1002,P101,1,46.08,46.08
O01472,2025-11-15,East,C1012,P107,3,41.22,123.66
O00053,2024-02-15,North,C1036,P109,5,441.0,2205.0
O00019,2024-01-03,North,C1036,P111,3,20.98,62.94
O00222,2024-10-28,North,C1040,P102,5,23.65,118.25
O01683,2025-02-22,West,C1019,P100,2,12.74,25.48
O01396,2025-07-16,East,C1059,P104,2,18.43,36.86
O01765,2025-07-07,West,C1014,P104,3,21.8,65.4
O01141,2024-06-16,East,C1059,P107,4,59.04,236.16
O00096,2024-04-09,North,C1001,P107,4,57.95,231.8
O00262,2024-11-27,North,C1043,P108,1,230.64,230.64
O01476,2025-12-28,East,C1003,P100,4,13.62,54.48
O01731,2025-05-08,West,C1000,P102,5,23.49,117.45
O00180,2024-07-17,North,C1017,P106,4,77.29,309.16
O01127,2024-05-25,East,C1034,P108,3,207.75,623.25
O00717,2024-06-25,South,C1007,P109,5,399.66,1998.3
O01741,2025-05-03,West,C1026,P100,4,17.81,71.24
O00185,2024-08-20,North,C1008,P108,5,225.14,1125.7
O00468,2025-06-25,North,C1001,P101,1,44.19,44.19
O00904,2025-05-07,South,C1016,P104,1,19.37,19.37
O00072,2024-03-05,North,C1006,P107,5,52.96,264.8
O01170,2024-08-19,East,C1031,P111,5,18.62,93.1
O01337,2025-04-26,East,C1034,P104,3,21.83,65.49
O00347,2025-02-22,North,C1036,P100,5,12.14,60.7
O01208,2024-11-25,East,C1003,P104,1,19.89,19.89
O00030,2024-02-05,North,C1036,P110,5,99.28,496.4
O00797,2024-12-19,South,C1033,P102,4,24.78,99.12
O01064,2024-03-27,,C1012,P101,1,47.29,47.29
O00158,2024-06-10,North,C1052,P106,3,84.55,253.65
O00933,2025-07-25,South,C1057,P103,2,135.62,271.24
O00659,2024-03-11,South,C1002,P106,3,64.4,193.2
O01624,2024-10-02,West,C1021,P109,3,437.63,1312.89
O00395,2025-04-08,North,C1049,P103,3,195.84,587.52
O01077,2024-03-12,East,C1034,P100,2,12.12,24.24
O00989,2025-11-10,South,C1016,P109,3,328.48,985.44
O01467,2025-11-08,East,C1048,P108,5,176.14,880.7
O01310,2025-03-11,East,C1011,P105,2,35.53,71.06
O00403,2025-04-17,North,C1008,P103,5,153.55,767.75
O00990,2025-11-16,South,C1013,P100,4,18.15,72.6
O00678,2024-04-22,South,C1057,P110,4,112.17,448.68
O01252,2025-01-28,East,C1031,P105,3,31.14,93.42
O00823,2025-02-06,South,C1007,P104,2,19.37,38.74
O00964,2025-09-09,South,C1041,P101,2,46.45,92.9
O00836,2025-02-17,South,C1016,P109,4,351.56,1406.24
O01034,2024-01-09,East,C1011,P104,5,22.54,112.7
O01540,2024-03-05,West,C1027,P110,2,105.09,210.18
O00940,2025-07-08,South,C1002,P100,5,11.98,59.9
O01055,2024-02-04,East,C1003,P105,1,27.95,27.95
O01102,2024-04-06,East,C1047,P103,2,173.18,346.36
O00692,2024-05-18,South,C1022,P102,2,28.74,57.48
O01638,2024-11-03,West,C1053,P107,1,50.96,50.96
O00335,2025-02-06,North,C1017,P104,3,19.13,57.39
O00874,2025-04-04,South,C1007,P102,5,29.06,145.3
O00806,2025-01-23,South,C1054,P111,1,20.42,20.42
O00008,2024-01-27,North,C1015,P108,3,222.89,668.67
O00518,2025-09-22,North,C1036,P105,3,27.05,81.15
O00198,2024-08-23,North,C1008,P104,2,23.34,46.68
O00297,2025-01-14,North,C1006,P103,4,183.16,732.64
O01508,2024-01-14,West,C1046,P108,1,171.74,171.74
O01642,2024-11-08,West,C1029,P103,3,208.92,626.76
O01549,2024-04-09,West,C1032,P107,4,53.96,215.84
O00123,2024-05-08,North,C1001,P100,1,15.79,15.79
O00379,2025-03-25,North,C1017,P103,1,190.32,190.32
O01063,2024-03-02,East,C1055,P111,2,22.56,45.12
O01611,2024-08-22,West,C1014,P104,2,17.49,34.98
O01362,2025-05-22,East,C1044,P109,1,420.18,420.18
O00163,2024-06-05,North,C1015,P102,1,27.8,27.8
O01187,2024-09-03,East,C1059,P105,5,35.83,179.15
O01092,2024-04-21,East,C1023,P111,2,25.7,51.4
O00125,2024-05-10,North,C1043,P106,4,91.35,365.4
O00552,2025-10-19,North,C1049,P103,2,172.68,345.36
O00005,2024-01-11,North,C1052,P109,3,393.27,1179.81
O00916,2025-06-13,South,C1004,P107,5,51.68,258.4
O00959,2025-09-14,South,C1004,P110,1,105.83,105.83
O01718,2025-04-24,West,C1039,P111,3,25.05,75.15
O01603,2024-08-15,West,C1046,P105,4,35.52,142.08
O00612,2024-01-26,South,C1038,P100,1,18.5,18.5
O00288,2025-01-22,North,C1008,P103,5,168.63,843.15
O00957,2025-09-18,South,C1009,P108,2,243.92,487.84
O01836,2025-12-21,West,C1032,P103,2,191.42,382.84
O01377,2025-06-23,East,C1056,P100,4,14.21,56.84
O01393,2025-07-17,East,C1034,P103,1,173.51,173.51
O00909,2025-06-17,South,C1025,P106,2,71.37,142.74
O00507,2025-08-21,North,C1036,P100,5,17.03,85.15
O00357,2025-03-19,North,C1043,P106,5,79.15,395.75
O01342,2025-04-14,East,C1059,P111,3,19.25,57.75
O00353,2025-03-11,North,C1015,P102,2,22.05,44.1
O00845,2025-03-22,South,C1028,P108,2,211.48,422.96
O01155,2024-07-21,East,C1012,P103,3,202.55,607.65
O00837,2025-02-08,South,C1018,P110,4,80.63,322.52
O00947,2025-08-26,South,C1035,P103,4,193.59,774.36
O00668,2024-04-09,South,C1050,P106,2,69.95,139.9
O00887,2025-04-05,South,C1058,P107,3,41.82,125.46
O01285,2025-02-07,East,C1044,P110,4,80.36,321.44
O01730,2025-04-06,West,C1000,P111,5,19.5,97.5
O00334,2025-02-19,North,C1008,P110,2,81.92,163.84
O00154,2024-06-15,North,C1040,P105,3,32.85,98.55
O00788,2024-12-04,South,C1002,P108,5,200.48,1002.4
O00502,2025-08-12,North,C1017,P107,1,55.93,55.93
O00722,2024-07-07,South,C1018,P100,2,12.54,25.08
O00374,2025-03-25,North,C1006,P110,4,91.1,364.4
O00591,2025-12-22,North,C1040,P110,1,101.38,101.38
O00313,2025-01-07,North,C1052,P101,4,40.34,161.36
O00043,2024-02-13,North,C1049,P108,2,203.92,407.84
O01429,2025-09-18,East,C1011,P105,5,38.44,192.2
O00646,2024-02-28,South,C1050,P111,1,21.36,21.36
O01568,2024-05-19,West,C1027,P109,3,412.28,1236.84
O00972,2025-10-28,South,C1024,P107,1,,55.02
O01609,2024-08-23,West,C1032,P101,3,41.28,123.84
O00523,2025-09-15,North,C1036,P106,4,83.98,335.92
O01617,2024-09-18,West,C1027,P105,4,34.22,136.88
O00763,2024-10-10,South,C1025,P111,4,19.97,79.88
O01562,2024-05-23,West,C1029,P103,3,188.46,565.38
O01702,2025-03-14,West,C1014,P104,3,19.29,57.87
O01384,2025-06-28,East,C1010,P100,3,15.15,45.45
O00705,2024-06-27,South,C1016,P104,4,21.99,87.96
O01536,2024-03-23,West,C1046,P104,4,17.68,70.72
O01651,2024-12-11,West,C1046,P111,3,21.15,63.45
O01446,2025-10-06,East,C1010,P109,4,392.12,1568.48
O00945,2025-08-26,South,C1004,P102,3,25.4,76.2
O00169,2024-07-13,North,C1052,P102,2,28.49,56.98
O01606,2024-08-11,West,C1039,P101,4,43.55,174.2
O00361,2025-03-16,North,C1037,P105,4,37.13,148.52
O01019,2025-12-03,South,C1030,P111,2,25.12,50.24
O01823,2025-11-09,West,C1053,P104,1,19.71,19.71
O00744,2024-08-03,South,C1022,P107,5,58.32,291.6
O00273,2024-12-05,North,C1017,P111,3,25.4,76.2
O00520,2025-09-25,North,C1001,P110,1,100.21,100.21
O00815,2025-01-15,South,C1058,P104,2,20.71,41.42
O00819,2025-01-18,South,C1020,P105,1,35.23,35.23
O00735,2024-08-04,South,C1058,P106,4,72.46,289.84
O01733,2025-05-26,West,C1053,P101,1,37.96,37.96
O01729,2025-04-19,West,C1026,P111,2,26.39,52.78
O01433,2025-09-02,East,C1034,P104,5,15.42,77.1
O01825,2025-11-02,West,C1000,P106,3,83.51,250.53
O01122,2024-05-20,East,C1023,P107,3,55.99,167.97
O00129,2024-05-23,North,C1008,P105,2,29.73,59.46
O00999,2025-11-19,South,C1058,P103,3,145.12,435.36
O01766,2025-07-02,West,C1039,P103,2,205.96,411.92
O00545,2025-10-23,North,C1036,P110,5,92.38,461.9
O00380,2025-03-16,North,C1006,P111,4,26.37,105.48
O00204,2024-09-10,North,C1043,P106,4,64.83,259.32
O00344,2025-02-05,North,C1015,P107,2,58.89,117.78
O01576,2024-06-05,West,C1019,P103,3,182.85,548.55
O01712,2025-03-22,West,C1032,P111,3,25.21,75.63
O00519,2025-09-27,North,C1040,P107,1,55.52,55.52
O01633,2024-10-15,West,C1014,P101,4,41.37,165.48
O00489,2025-07-27,North,C1001,P107,4,46.92,187.68
O01262,2025-01-12,East,C1011,P109,1,406.31,406.31
O01815,2025-11-06,West,C1014,P103,2,203.89,407.78
O00918,2025-06-02,South,C1022,P110,1,87.98,87.98
O00233,2024-10-16,North,C1049,P104,3,20.87,62.61
O00795,2024-12-24,South,C1028,P110,3,89.2,267.6
O01727,2025-04-04,West,C1019,P103,5,175.11,875.55
O01123,2024-05-22,East,C1023,P106,2,70.51,141.02
O00515,2025-08-07,North,C1006,P102,1,29.87,29.87
O01826,2025-12-26,West,C1039,P110,4,95.2,380.8
O00512,2025-08-27,North,C1017,P109,1,361.54,361.54
O00113,2024-05-14,North,C1040,P111,3,24.33,72.99
O01770,2025-07-27,West,C1053,P107,4,52.66,210.64
O00218,2024-09-17,North,C1015,P101,2,45.75,91.5
O01385,2025-06-25,East,C1011,P107,4,43.94,175.76
O00500,2025-08-28,North,C1049,P111,2,17.17,34.34
O01807,2025-10-02,West,C1000,P102,4,30.37,121.48
O00935,2025-07-20,South,C1002,P106,1,65.16,65.16
O00226,2024-10-02,North,C1037,P109,2,321.8,643.6
O01043,2024-02-23,East,C1023,P106,2,94.66,189.32
O01193,2024-10-03,East,C1010,P111,3,17.04,51.12
O01575,2024-05-13,West,C1000,P107,4,48.04,192.16
O01317,2025-03-06,East,C1003,P100,5,14.57,72.85
O01707,2025-03-17,West,C1053,P100,4,12.84,51.36
O00398,2025-04-17,North,C1015,P111,5,16.84,84.2
O00541,2025-10-08,North,C1015,P109,4,298.57,1194.28
O00329,2025-02-22,North,C1037,P111,4,17.91,71.64
O00796,2024-12-27,South,C1024,P105,3,38.69,116.07
O00849,2025-03-23,South,C1007,P100,3,17.99,53.97
O01627,2024-10-18,West,C1046,P105,3,28.34,85.02
O01779,2025-08-16,West,C1032,P107,4,43.19,172.76
O01465,2025-11-05,East,C1055,P109,5,313.2,1566.0
O00094,2024-04-10,North,C1015,P106,1,96.06,96.06
O00214,2024-09-21,North,C1015,P102,5,21.29,106.45
O00771,2024-10-21,South,C1018,P102,5,26.17,130.85
O00338,2025-02-04,North,C1015,P111,1,23.79,23.79
O00804,2025-01-18,South,C1033,P109,3,401.39,1204.17
O00213,2024-09-27,North,C1040,P105,2,25.9,51.8
O00619,2024-01-07,South,C1045,P105,2,31.88,63.76
O01140,2024-06-06,East,C1056,P111,5,19.71,98.55
O01183,2024-09-05,East,C1048,P106,2,76.68,153.36
O01169,2024-08-17,East,C1059,P110,2,115.95,231.9
O01137,2024-06-15,East,C1048,P107,5,40.29,201.45
O00037,2024-02-04,North,C1008,P111,5,18.15,90.75
O00106,2024-04-05,North,C1052,P103,1,171.34,171.34
O00363,2025-03-15,North,C1017,P111,2,19.3,38.6
O00851,2025-03-14,South,C1028,P103,3,163.3,489.9
O00757,2024-09-03,South,C1058,P109,1,393.48,393.48
O00759,2024-10-28,South,C1035,P102,1,22.49,22.49
O00366,2025-03-10,North,C1037,P108,1,222.15,222.15
O00857,2025-03-15,South,C1025,P106,3,97.15,291.45
O01552,2024-04-02,West,C1029,P101,5,32.12,160.6
O01841,2025-12-23,West,C1000,P103,1,192.58,192.58
O00566,2025-11-22,North,C1008,P111,1,21.34,21.34
O01376,2025-06-25,East,C1044,P104,3,15.58,46.74
O00250,2024-11-04,North,C1001,P102,3,21.89,65.67
O00477,2025-07-09,North,C1001,P105,1,27.08,27.08
O01431,2025-09-03,East,C1059,P103,4,189.43,757.72
O01750,2025-06-24,West,C1021,P102,1,23.14,23.14
O01189,2024-09-04,East,C1048,P102,4,23.5,94.0
O00782,2024-11-07,South,C1035,P104,1,21.86,21.86
O00455,2025-06-08,North,C1008,P101,2,42.02,84.04
O01669,2025-01-03,West,C1039,P103,3,166.4,499.2
O01201,2024-10-15,East,C1011,P107,3,58.26,174.78
O01108,2024-05-03,East,C1003,P111,1,20.3,20.3
O00231,2024-10-02,North,C1001,P104,5,24.14,120.7
O01320,2025-04-06,East,C1055,P100,1,14.96,14.96
O00653,2024-03-07,South,C1005,P108,2,196.93,393.86
O00071,2024-03-07,North,C1043,P105,1,35.21,35.21
O00611,2024-01-02,South,C1045,P102,3,28.15,84.45
O01175,2024-08-06,East,C1042,P107,4,40.36,161.44
O01774,2025-07-05,West,C1053,P107,1,57.39,57.39
O01717,2025-04-15,West,C1000,P110,1,119.08,119.08
O01793,2025-09-10,West,C1046,P101,2,31.21,62.42
O00411,2025-04-24,North,C1015,P107,2,45.57,91.14
O01700,2025-03-09,West,C1014,P100,2,12.73,25.46
O01152,2024-07-10,East,C1042,P107,2,47.87,95.74
O00339,2025-02-10,North,C1049,P111,2,21.23,42.46
O01026,2024-01-16,East,C1003,P105,2,26.56,53.12
O00044,2024-02-19,North,C1017,P103,1,198.93,198.93
O00540,2025-10-16,North,C1015,P110,3,111.29,333.87
O00602,2025-12-08,North,C1036,P103,4,136.49,545.96
O01333,2025-04-25,East,C1010,P111,2,19.85,39.7
O00966,2025-09-27,South,C1009,P111,4,17.68,70.72
O01656,2024-12-23,West,C1032,P111,3,20.8,62.4
O01435,2025-09-08,East,C1055,P106,2,,168.64
O00172,2024-07-03,North,C1008,P104,5,16.36,81.8
O00418,2025-05-12,North,C1037,P103,1,194.48,194.48
O00838,2025-02-25,South,C1020,P105,5,34.27,171.35
O01735,2025-05-03,West,C1029,P102,2,21.23,42.46
O01537,2024-03-13,West,C1032,P100,4,14.05,56.2
O00807,2025-01-15,South,C1002,P100,5,15.35,76.75
O00883,2025-04-20,South,C1025,P106,1,93.28,93.28
O01485,2025-12-11,East,C1011,P104,4,22.87,91.48
O01721,2025-04-10,West,C1039,P101,2,48.16,96.32
O00638,2024-02-11,South,C1013,P105,4,31.27,125.08
O00424,2025-05-27,North,C1049,P108,2,248.4,496.8
O00728,2024-07-14,South,C1058,P102,2,25.04,50.08
O00968,2025-09-14,South,C1004,P100,3,15.78,47.34
O01340,2025-04-21,East,C1023,P105,4,36.66,146.64
O00377,2025-03-27,North,C1006,P104,1,16.28,16.28
O00525,2025-09-21,North,C1052,P103,4,184.53,738.12
O01722,2025-04-07,West,C1053,P108,5,178.78,893.9
O00439,2025-05-28,North,C1015,P111,2,18.9,37.8
O01590,2024-07-12,West,C1053,P106,5,98.99,494.95
O00151,2024-06-24,North,C1008,P103,5,169.68,848.4
O00205,2024-09-12,North,C1037,P108,4,173.81,695.24
O01674,2025-01-18,West,C1029,P111,4,22.2,88.8
O00982,2025-10-12,South,C1013,P108,2,210.82,421.64
O00955,2025-08-18,South,C1028,P107,4,40.69,162.76
O01664,2025-01-06,West,C1021,P102,2,26.46,52.92
O01434,2025-09-10,East,C1010,P109,2,324.29,648.58
O00144,2024-06-14,North,C1037,P104,3,16.73,50.19
O00718,2024-06-22,South,C1030,P106,3,93.33,279.99
O00527,2025-09-21,North,C1040,P108,1,,256.11
O00584,2025-12-10,North,C1006,P108,2,210.22,420.44
O00976,2025-10-14,South,C1016,P101,1,42.11,42.11
O00567,2025-11-18,North,C1052,P108,1,257.09,257.09
O01233,2024-12-09,East,C1010,P110,1,107.18,107.18
O00441,2025-05-03,North,C1043,P111,3,18.27,54.81
O01156,2024-07-12,East,C1059,P107,5,50.05,250.25
O01405,2025-07-14,East,C1048,P102,5,29.01,145.05
O00175,2024-07-08,North,C1049,P107,5,53.13,265.65
O01295,2025-03-08,East,C1047,P107,3,51.26,153.78
O01432,2025-09-08,East,C1003,P106,4,90.91,363.64
O01654,2024-12-06,West,C1000,P101,5,41.03,205.15
O00124,2024-05-20,North,C1017,P108,3,230.2,690.6
O00139,2024-05-07,North,C1052,P111,4,21.84,87.36
O00880,2025-04-20,South,C1033,P103,3,172.91,518.73
O01076,2024-03-23,East,C1047,P105,5,33.69,168.45
O00733,2024-07-22,South,C1016,P102,1,25.16,25.16
O00625,2024-01-03,South,C1035,P105,2,32.04,64.08
O01300,2025-03-04,East,C1055,P107,5,55.36,276.8
O00785,2024-11-16,South,C1058,P101,2,37.28,74.56
O01813,2025-11-10,West,C1000,P103,3,183.95,551.85
O01367,2025-06-20,East,C1010,P110,2,85.0,170.0
O01281,2025-02-05,East,C1059,P108,3,234.7,704.1
O00183,2024-07-28,North,C1001,P103,3,155.52,466.56
O00618,2024-01-21,South,C1030,P110,1,93.24,93.24
O01325,2025-04-07,East,C1010,P106,3,70.89,212.67
O00691,2024-05-17,South,C1024,P107,2,55.35,110.7
O01616,2024-09-12,West,C1019,P109,1,347.47,347.47
O00241,2024-11-23,North,C1052,P109,1,381.4,381.4
O01255,2025-01-14,East,C1031,P108,5,261.55,1307.75
O01351,2025-05-21,East,C1023,P110,2,120.81,241.62
O00459,2025-06-19,North,C1043,P101,3,45.87,137.61
O00682,2024-04-25,South,C1004,P107,1,45.26,45.26
O00466,2025-06-04,North,C1040,P108,3,259.78,779.34
O01188,2024-09-13,East,C1048,P109,5,375.82,1879.1
O01192,2024-09-22,East,C1003,P111,2,20.87,41.74
O00146,2024-06-09,North,C1049,P108,1,215.06,215.06
O00207,2024-09-13,North,C1015,P104,2,15.41,30.82
O01525,2024-02-25,West,C1046,P111,4,20.64,82.56
O01213,2024-11-09,East,C1003,P102,2,29.99,59.98
O01598,2024-07-12,,C1000,P103,1,204.53,204.53
O00325,2025-02-08,North,C1017,P111,2,22.43,44.86
O00658,2024-03-17,South,C1007,P101,1,34.56,34.56
O01686,2025-02-07,West,C1053,P111,2,16.84,33.68
O00715,2024-06-04,South,C1045,P102,1,25.89,25.89
O01703,2025-03-02,West,C1029,P101,1,34.2,34.2
O01747,2025-05-24,West,C1029,P104,2,21.07,42.14
O00080,2024-03-15,North,C1008,P107,3,52.63,157.89
O01681,2025-02-27,West,C1021,P102,3,21.01,63.03
O01666,2025-01-18,West,C1051,P101,1,,44.29
O00688,2024-05-24,South,C1041,P106,3,68.12,204.36
O00167,2024-07-03,North,C1052,P102,2,28.31,56.62
O00230,2024-10-15,North,C1006,P107,4,61.42,245.68
O01785,2025-08-07,West,C1014,P103,4,184.9,739.6
O01631,2024-10-16,West,C1000,P109,4,328.33,1313.32
O00741,2024-08-03,South,C1041,P105,4,35.68,142.72
O00101,2024-04-02,North,C1008,P109,5,294.91,1474.55
O00291,2025-01-22,North,C1043,P106,1,,91.57
O00445,2025-06-27,North,C1043,P107,4,46.99,187.96
O00879,2025-04-23,South,C1038,P101,3,46.11,138.33
O01456,2025-11-22,East,C1012,P105,2,26.81,53.62
O01078,2024-03-03,East,C1048,P100,5,14.14,70.7
O00740,2024-08-17,South,C1028,P105,3,26.2,78.6
O00392,2025-04-11,North,C1037,P109,5,357.6,1788.0
O00087,2024-04-21,North,C1036,P111,1,22.11,22.11
O00588,2025-12-13,North,C1006,P100,3,16.99,50.97
O00667,2024-04-08,South,C1028,P102,4,22.67,90.68
O01276,2025-02-07,East,C1055,P107,2,41.24,82.48
O01524,2024-02-14,West,C1053,P111,1,19.15,19.15
O01661,2025-01-09,West,C1053,P109,5,297.83,1489.15
O00476,2025-07-08,North,C1006,P100,4,17.01,68.04
O01296,2025-03-15,East,C1031,P100,1,12.94,12.94
O00045,2024-02-08,North,C1052,P111,3,19.07,57.21
O00789,2024-12-12,South,C1028,P106,5,90.81,454.05
O01003,2025-12-05,South,C1038,P110,2,107.31,214.62
O01138,2024-06-14,East,C1023,P109,1,321.62,321.62
O00025,2024-01-24,North,C1040,P108,1,182.72,182.72
O01236,2024-12-09,East,C1055,P106,2,74.8,149.6
O00833,2025-02-25,South,C1002,P109,2,432.28,864.56
O01194,2024-10-25,East,C1031,P100,4,13.56,54.24
O00592,2025-12-10,North,C1049,P107,5,43.16,215.8
O01818,2025-11-15,West,C1046,P111,4,25.08,100.32
O00974,2025-10-12,South,C1050,P100,5,18.19,90.95
O01545,2024-04-15,,C1053,P108,1,256.72,256.72
O01057,2024-02-13,East,C1059,P105,1,30.28,30.28
O00110,2024-04-03,North,C1006,P106,3,85.19,255.57
O01161,2024-07-05,East,C1044,P106,2,81.04,162.08
O01355,2025-05-15,East,C1044,P107,2,59.78,119.56
O00223,2024-10-10,North,C1017,P100,1,17.33,17.33
O01053,2024-02-16,East,C1047,P105,3,29.86,89.58
O01312,2025-03-24,East,C1034,P102,4,29.12,116.48
O00723,2024-07-22,South,C1004,P105,4,28.08,112.32
O00056,2024-03-03,North,C1043,P107,2,47.57,95.14
O01820,2025-11-24,West,C1046,P108,2,240.21,480.42
O00254,2024-11-13,North,C1037,P106,2,84.66,169.32
O01752,2025-06-19,West,C1029,P111,1,23.35,23.35
O01073,2024-03-25,East,C1048,P100,3,13.89,41.67
O01493,2025-12-06,East,C1011,P102,2,23.31,46.62
O00643,2024-02-16,South,C1018,P105,5,27.31,136.55
O00546,2025-10-05,North,C1040,P100,1,18.51,18.51
O00478,2025-07-10,North,C1017,P101,4,37.3,149.2
O00950,2025-08-17,South,C1018,P106,1,69.6,69.6
O01572,2024-05-10,West,C1051,P108,1,247.35,247.35
O00844,2025-03-28,South,C1058,P103,1,164.93,164.93
O00064,2024-03-14,North,C1015,P105,3,31.2,93.6
O00414,2025-05-20,North,C1015,P110,4,93.58,374.32
O00385,2025-04-17,North,C1017,P111,4,18.03,72.12
O01742,2025-05-10,West,C1019,P101,5,32.02,160.1
O00975,2025-10-14,South,C1045,P106,3,89.98,269.94
O01347,2025-05-07,East,C1010,P104,2,20.01,40.02
O00885,2025-04-03,South,C1054,P108,1,240.39,240.39
O00452,2025-06-16,North,C1015,P103,3,171.62,514.86
O01635,2024-11-18,West,C1029,P107,3,53.42,160.26
O01259,2025-01-18,East,C1044,P106,5,74.2,371.0
O00657,2024-03-14,South,C1058,P105,3,,91.2
O01582,2024-06-19,West,C1051,P111,5,17.91,89.55
O01487,2025-12-04,East,C1048,P108,3,233.08,699.24
O01449,2025-10-06,East,C1011,P110,5,84.28,421.4
O01486,2025-12-24,East,C1012,P111,2,17.56,35.12
O01328,2025-04-17,East,C1044,P106,3,74.01,222.03
O00370,2025-03-27,North,C1043,P104,5,15.92,79.6
O00690,2024-05-09,South,C1016,P105,99,38.59,3820.41
O00220,2024-09-22,North,C1001,P102,5,29.18,145.9
O01725,2025-04-20,West,C1027,P110,2,110.55,221.1
O01321,2025-04-09,East,C1003,P105,2,35.7,71.4
O00022,2024-01-22,North,C1040,P106,1,86.82,86.82
O00761,2024-10-23,South,C1030,P105,2,36.04,72.08
O00870,2025-04-12,South,C1035,P108,1,253.72,253.72
O00421,2025-05-02,North,C1040,P110,2,100.52,201.04
O01350,2025-05-16,East,C1034,P106,2,79.54,159.08
O00200,2024-08-19,North,C1006,P106,3,97.39,292.17
O00451,2025-06-07,North,C1015,P106,4,66.86,267.44
O01162,2024-07-27,East,C1047,P109,3,294.67,884.01
O01020,2024-01-02,East,C1044,P108,4,216.69,866.76
O01561,2024-05-07,West,C1000,P100,1,12.21,12.21
O00912,2025-06-22,South,C1018,P103,3,204.41,613.23
O00697,2024-05-04,South,C1057,P100,4,18.7,74.8
O00812,2025-01-09,South,C1004,P109,2,410.39,820.78
O01653,2024-12-06,West,C1019,P107,3,47.04,141.12
O01237,2024-12-18,East,C1059,P103,4,169.17,676.68
O01810,2025-10-20,West,C1051,P105,4,31.75,127.0
O00911,2025-06-13,South,C1018,P100,2,17.44,34.88
O01522,2024-02-28,West,C1019,P100,4,14.27,57.08
O01050,2024-02-27,East,C1034,P104,2,16.63,33.26
O00506,2025-08-12,North,C1015,P102,4,29.94,119.76
O01671,2025-01-06,West,C1039,P107,5,44.12,220.6
O01256,2025-01-28,East,C1048,P101,3,45.75,137.25
O00406,2025-04-07,North,C1015,P111,5,22.51,112.55
O01593,2024-07-15,West,C1000,P106,5,95.0,475.0
O00318,2025-02-13,North,C1049,P103,2,204.13,408.26
O00184,2024-07-05,North,C1001,P106,3,83.7,251.1
O01121,2024-05-21,East,C1003,P104,2,22.78,45.56
O01710,2025-03-04,West,C1014,P109,3,432.07,1296.21
O00610,2025-12-02,North,C1001,P105,3,38.52,115.56
O00627,2024-01-16,South,C1050,P103,4,197.05,788.2
O00486,2025-07-23,North,C1037,P105,1,37.41,37.41
O00279,2024-12-25,North,C1049,P108,1,242.63,242.63
O00631,2024-02-09,South,C1009,P100,3,12.85,38.55
O00021,2024-01-26,North,C1017,P101,2,39.93,79.86
O00171,2024-07-24,North,C1036,P105,3,25.73,77.19
O01426,2025-09-06,East,C1010,P107,4,56.15,224.6
O00902,2025-05-28,South,C1007,P104,5,21.9,109.5
O01040,2024-02-11,East,C1056,P111,2,19.89,39.78
O01591,2024-07-09,West,C1027,P107,5,49.1,245.5
O00177,2024-07-02,North,C1040,P109,3,361.43,1084.29
O00328,2025-02-23,North,C1049,P106,3,93.21,279.63
O00707,2024-06-16,South,C1057,P108,5,196.5,982.5
O01223,2024-11-05,East,C1031,P102,3,23.51,70.53
O00471,2025-07-05,North,C1006,P100,2,15.64,31.28
O01698,2025-03-27,West,C1051,P109,1,447.05,447.05
O00267,2024-12-16,North,C1043,P100,2,12.56,25.12
O00616,2024-01-21,South,C1024,P105,4,37.43,149.72
O01517,2024-02-09,West,C1021,P108,4,183.12,732.48
O00131,2024-05-24,North,C1037,P100,5,12.28,61.4
O00866,2025-04-15,South,C1038,P103,2,208.31,416.62
O01778,2025-08-22,West,C1021,P100,3,13.09,39.27
O01363,2025-05-03,East,C1047,P101,4,38.7,154.8
O01706,2025-03-06,West,C1026,P101,4,32.7,130.8
O00490,2025-07-10,North,C1049,P107,4,43.0,172.0
O01597,2024-07-07,West,C1026,P101,3,32.92,98.76
O00607,2025-12-03,North,C1040,P106,1,71.05,71.05
O01218,2024-11-20,East,C1010,P111,3,24.65,73.95
O01165,2024-08-26,East,C1034,P111,1,22.58,22.58
O00417,2025-05-11,North,C1040,P108,3,177.29,531.87
O01685,2025-02-03,West,C1027,P102,5,21.55,107.75
O01501,2024-01-27,West,C1027,P107,4,53.5,214.0
O00153,2024-06-17,North,C1017,P100,2,17.68,35.36
O00890,2025-05-27,South,C1016,P110,3,93.96,281.88
O00850,2025-03-17,South,C1018,P110,4,97.56,390.24
O00280,2024-12-15,North,C1017,P105,2,32.83,65.66
O01035,2024-01-20,East,C1012,P111,2,18.13,36.26
O00270,2024-12-17,North,C1017,P111,2,23.86,47.72
O00097,2024-04-28,North,C1052,P106,92,86.96,8000.32
O00211,2024-09-10,North,C1036,P109,2,334.74,669.48
O01533,2024-03-17,West,C1021,P102,3,25.27,75.81
O00570,2025-11-26,North,C1017,P109,3,376.91,1130.73
O01786,2025-08-07,West,C1027,P102,5,24.65,123.25
O00872,2025-04-09,South,C1007,P108,3,212.16,636.48
O01573,2024-05-02,West,C1026,P100,3,12.74,38.22
O01567,2024-05-16,West,C1021,P101,5,43.38,216.9
O00533,2025-09-18,North,C1017,P110,2,105.97,211.94
O01783,2025-08-05,West,C1014,P106,3,81.66,244.98
O01357,2025-05-15,East,C1056,P107,5,41.01,205.05
O01100,2024-04-03,East,C1012,P101,4,45.76,183.04
O00713,2024-06-23,South,C1058,P104,5,15.92,79.6
O00078,2024-03-17,North,C1036,P105,1,33.44,33.44
O00264,2024-12-22,North,C1001,P103,2,199.63,399.26
O01840,2025-12-03,West,C1021,P100,3,15.73,47.19
O00150,2024-06-11,North,C1036,P101,4,40.3,161.2
O01782,2025-08-03,West,C1039,P101,2,45.05,90.1
O01539,2024-03-22,West,C1026,P102,2,27.24,54.48
O01790,2025-09-13,West,C1021,P101,4,43.93,175.72
O00470,2025-06-05,North,C1008,P100,5,13.76,68.8
O00565,2025-11-08,North,C1052,P106,4,92.87,371.48
O00462,2025-06-23,North,C1043,P101,4,39.7,158.8
O01278,2025-02-27,East,C1059,P101,4,43.38,173.52
O00897,2025-05-06,South,C1018,P106,5,64.62,323.1
O01394,2025-07-14,East,C1044,P104,5,21.68,108.4
O01346,2025-05-26,East,C1055,P110,3,80.13,240.39
O00696,2024-05-21,South,C1005,P107,2,49.12,98.24
O01176,2024-08-11,East,C1010,P111,2,20.54,41.08
O00929,2025-07-19,South,C1041,P102,4,30.44,121.76
O01327,2025-04-26,East,C1023,P109,3,343.57,1030.71
O01215,2024-11-08,East,C1023,P106,2,65.1,130.2
O00587,2025-12-17,North,C1001,P103,1,171.42,171.42
O01373,2025-06-25,East,C1023,P103,5,173.81,869.05
O00244,2024-11-06,North,C1015,P101,2,34.31,68.62
O01112,2024-05-28,East,C1003,P102,1,28.36,28.36
O00752,2024-09-11,South,C1030,P108,5,182.39,911.95
O01680,2025-02-14,West,C1029,P107,2,45.96,91.92
O01761,2025-06-07,West,C1027,P106,2,76.83,153.66
O01443,2025-10-15,East,C1047,P107,3,51.63,154.89
O01313,2025-03-27,East,C1059,P103,2,163.03,326.06
O00649,2024-03-27,South,C1041,P107,1,50.45,50.45
O01191,2024-09-18,East,C1047,P111,2,17.69,35.38
O00596,2025-12-13,North,C1006,P103,4,138.46,553.84
O00314,2025-01-27,North,C1006,P105,4,33.98,135.92
O00934,2025-07-28,South,C1057,P111,4,16.87,67.48
O00156,2024-06-06,North,C1017,P108,2,200.53,401.06
O01381,2025-06-25,East,C1012,P102,4,22.77,91.08
O01406,2025-08-02,East,C1023,P102,2,19.88,39.76
O01304,2025-03-15,East,C1023,P109,2,353.65,707.3
O01151,2024-07-05,East,C1023,P111,5,19.75,98.75
O01000,2025-11-09,South,C1025,P111,5,19.42,97.1
O01732,2025-05-11,West,C1051,P108,4,206.02,824.08
O01047,2024-02-03,East,C1003,P105,1,26.34,26.34
O01641,2024-11-06,West,C1051,P103,2,157.03,314.06
O01690,2025-02-26,West,C1021,P100,3,15.79,47.37
O01307,2025-03-24,East,C1010,P111,1,21.05,21.05
O01496,2025-12-25,East,C1012,P103,5,149.55,747.75
O01763,2025-07-06,West,C1014,P105,1,28.46,28.46
O01392,2025-07-23,East,C1031,P111,3,20.67,62.01
O00026,2024-01-18,North,C1043,P105,2,37.79,75.58
O00197,2024-08-14,North,C1006,P103,5,208.6,1043.0
O01089,2024-04-20,East,C1034,P111,3,22.07,66.21
O00016,2024-01-24,North,C1037,P102,2,28.65,57.3
O01491,2025-12-15,East,C1031,P103,5,188.47,942.35
O01322,2025-04-16,East,C1047,P108,3,256.63,769.89
O00884,2025-04-06,South,C1035,P108,2,244.75,489.5
O00622,2024-01-18,South,C1022,P105,3,38.54,115.62
O01361,2025-05-23,East,C1034,P106,1,,66.81
O01051,2024-02-18,East,C1011,P106,2,86.1,172.2
O01613,2024-09-08,West,C1021,P104,3,18.58,55.74
O01068,2024-03-21,East,C1056,P105,4,36.74,146.96
O00498,2025-08-22,North,C1037,P106,4,76.62,306.48
O00793,2024-12-07,South,C1024,P101,4,45.22,180.88
O00965,2025-09-20,South,C1009,P100,3,13.79,41.37
O00516,2025-09-24,North,C1052,P110,2,87.02,174.04
O01804,2025-10-11,West,C1019,P101,4,45.61,182.44
O01586,2024-06-07,West,C1021,P107,4,54.44,217.76
O01479,2025-12-22,East,C1059,P111,1,24.19,24.19
O01412,2025-08-26,East,C1048,P104,3,21.49,64.47
O01096,2024-04-15,East,C1010,P110,3,88.08,264.24
O00543,2025-10-16,North,C1052,P104,5,19.59,97.95
O00457,2025-06-14,North,C1017,P110,2,79.65,159.3
O00634,2024-02-19,South,C1035,P102,2,20.82,41.64
O00432,2025-05-05,North,C1006,P108,4,244.4,977.6
O00628,2024-02-27,South,C1035,P110,5,105.63,528.15
O01678,2025-02-14,West,C1051,P104,5,17.31,86.55
O00729,2024-07-10,South,C1009,P110,1,99.96,99.96
O01289,2025-02-03,East,C1011,P107,2,44.13,88.26
O00210,2024-09-23,North,C1040,P106,3,93.28,279.84
O00317,2025-02-12,North,C1006,P107,3,58.8,176.4
O00514,2025-08-06,North,C1052,P110,1,105.13,105.13
O01338,2025-04-13,East,C1055,P104,1,19.89,19.89
O01559,2024-04-06,West,C1032,P104,2,17.05,34.1
O00830,2025-02-19,South,C1033,P110,4,92.45,369.8
O00320,2025-02-19,North,C1015,P102,3,23.34,70.02
O01032,2024-01-05,East,C1010,P101,4,43.96,175.84
O01418,2025-08-15,East,C1042,P103,3,145.59,436.77
O00142,2024-06-05,North,C1037,P105,4,31.65,126.6
O01111,2024-05-17,East,C1055,P104,5,15.41,77.05
O01503,2024-01-10,West,C1039,P111,5,18.67,93.35
O01528,2024-03-11,West,C1019,P108,4,203.86,815.44
O00754,2024-09-24,South,C1035,P104,5,17.49,87.45
O01002,2025-12-07,South,C1009,P109,1,326.43,326.43
O01240,2024-12-23,East,C1003,P106,4,73.19,292.76
O00581,2025-11-28,North,C1040,P110,4,120.57,482.28
O00563,2025-11-14,North,C1043,P102,4,24.18,96.72
O00399,2025-04-20,North,C1036,P111,5,22.2,111.0
O00669,2024-04-12,South,C1013,P108,3,200.54,601.62
O01515,2024-02-04,West,C1021,P110,1,102.49,102.49
O00253,2024-11-10,North,C1015,P102,4,26.42,105.68
O00908,2025-06-13,South,C1013,P108,3,191.55,574.65
O00469,2025-06-06,North,C1043,P107,5,47.21,236.05
O00915,2025-06-04,South,C1050,P107,3,48.49,145.47
O00358,2025-03-25,North,C1043,P104,1,23.99,23.99
O01279,2025-02-18,East,C1044,P111,1,26.3,26.3
O01301,2025-03-07,East,C1031,P109,5,346.9,1734.5
O01203,2024-10-08,East,C1010,P104,4,21.64,86.56
O01306,2025-03-10,East,C1048,P108,4,249.3,997.2
O01415,2025-08-28,East,C1012,P103,5,189.6,948.0
O00509,2025-08-14,North,C1049,P108,3,195.79,587.37
O00750,2024-09-11,South,C1013,P109,1,381.6,381.6
O01608,2024-08-18,West,C1019,P108,2,262.45,524.9
O00130,2024-05-15,North,C1052,P101,2,32.84,65.68
O00145,2024-06-26,North,C1015,P106,2,64.61,129.22
O00961,2025-09-18,South,C1041,P111,4,19.15,76.6
O00848,2025-03-12,South,C1028,P108,5,191.61,958.05
O01670,2025-01-26,West,C1021,P105,4,39.26,157.04
O00716,2024-06-22,South,C1002,P102,4,25.29,101.16
O00906,2025-05-19,South,C1057,P108,5,193.97,969.85
O01792,2025-09-25,West,C1021,P106,3,72.02,216.06
O01097,2024-04-04,East,C1003,P109,4,404.69,1618.76
O00236,2024-10-18,North,C1049,P103,1,150.58,150.58
O01062,2024-03-21,East,C1011,P108,1,172.55,172.55
